term,term_freq,doc_freq
slavernij,2180,935
nederlandse,1248,792
racisme,1036,448
koloniale,1004,535
nederland,970,600
mensen,901,569
den,838,514
utrecht,799,357
onderzoek,790,509
amsterdam,769,465
slaafgemaakten,709,381
werden,693,478
suriname,688,432
staat,630,485
voc,605,277
geschiedenis,600,423
slavernijverleden,590,312
medewerkers,558,204
slaaf,508,298
eeuw,500,369
tweede,494,353
waar,494,417
zwarte,487,250
verschillende,485,387
excuses,458,164
slavenhandel,454,285
ten,447,352
discriminatie,431,211
afschaffing,425,265
moeten,423,289
alleen,421,366
koloniën,403,311
maken,400,332
eerste,381,328
kamer,381,233
slavern,374,175
eigen,372,274
verleden,358,262
slaven,358,237
nederlands,354,267
deel,345,288
grote,328,277
ke,324,205
zien,318,276
nieuwe,307,257
curaçao,304,203
zaken,298,233
ministerie,298,189
waarin,294,258
hadden,293,239
handel,293,212
vaak,290,243
regering,290,190
vrijheid,289,204
wic,289,163
vooral,288,254
staten,288,161
west,283,238
bijvoorbeeld,282,248
kwam,281,249
rol,281,238
nl,279,185
utrechtse,279,148
gemaakten,278,170
samenleving,277,218
zie,277,214
nederlanders,276,201
steeds,272,235
aandacht,266,210
nederlandsche,266,146
wet,262,141
verder,258,234
plantage,255,145
twee,254,225
gaan,253,226
culturele,253,165
gebied,251,203
komen,251,231
werk,249,206
tijd,246,218
plaats,245,218
vanuit,245,220
compagnie,240,127
hen,239,191
courant,237,127
stad,234,158
azië,231,164
julij,231,121
zitting,231,126
atlantische,228,171
generaal,227,120
vraag,226,180
republiek,226,156
goed,225,200
witte,224,171
aantal,224,187
zouden,224,181
staats,224,114
leven,223,199
belang,222,184
sociale,221,178
zelfs,221,190
overheid,220,160
basis,218,189
bijblad,218,108
vel,218,115
groot,217,191
erkenning,216,127
gemaakt,215,185
kolonie,215,163
ervaringen,214,149
afrika,214,164
volgens,213,173
gaat,212,176
later,210,195
vormen,209,178
slaafgemaakte,206,144
kolonialisme,205,170
soms,203,161
ging,202,185
geven,201,176
lokale,201,145
werken,201,179
politieke,201,170
onderwijs,200,126
plantages,200,156
juli,198,155
collega,198,116
mee,195,168
zowel,195,176
europese,195,167
indische,195,167
vorm,194,170
publieke,193,120
mogelijk,193,170
respondenten,193,120
bevolking,192,152
eilanden,191,133
buitenlandse,191,151
zuid,189,139
echter,189,177
eene,187,103
af,185,168
wereld,184,144
debat,183,117
organisatie,182,121
vanaf,181,162
https,181,122
kennis,179,143
amsterdamse,179,124
minister,179,120
leiden,178,165
land,176,153
konden,176,155
indië,176,138
willem,176,129
toe,174,164
kinderen,174,122
gezien,174,159
emancipatie,174,127
periode,173,154
aangenomen,173,97
onze,172,133
laten,171,159
gevolgen,171,131
groepen,170,125
gulden,170,100
terug,169,151
ter,169,142
heel,168,137
daarvan,168,153
cultuur,167,132
sint,167,101
daarnaast,166,155
ander,165,140
belangrijk,165,142
achttiende,165,140
bepaalde,164,127
zwart,163,95
arbeid,163,111
voorbeeld,162,149
haag,162,146
waarom,161,143
elkaar,161,132
amerika,161,130
daarbij,160,132
zeer,160,141
nationale,160,127
daarom,159,154
drie,159,147
archief,158,120
kwamen,158,141
manier,157,143
daarmee,157,151
groep,157,125
www,157,117
staan,156,142
juist,156,141
samen,156,144
stellen,156,142
landen,155,120
lokaal,154,78
nemen,154,145
politiek,153,131
bestuur,153,123
afrikaanse,153,113
lang,152,136
beeld,152,135
via,152,133
batavia,152,97
vinden,152,137
jan,151,119
zullen,151,108
bovendien,150,143
boek,149,112
nationaal,148,121
koninkrijk,148,97
vrouwen,148,119
betrokken,147,133
gebieden,147,118
ervaren,147,121
heer,146,99
doorwerkingen,143,108
ver,143,130
moest,143,113
systeem,142,121
laatste,142,132
geval,142,132
kreeg,142,123
beter,141,129
vragen,139,109
wanneer,139,107
et,139,106
onderdeel,138,126
delen,138,127
duidelijk,137,131
krijgen,137,126
trans,137,114
vr,137,102
universiteit,136,106
medewerker,136,80
enkele,135,124
herstel,135,76
vanwege,135,122
komt,135,123
oost,135,118
waarop,135,125
nieuw,134,97
economische,133,122
kabinet,133,61
gedaan,133,120
betrekking,132,120
gebruik,132,117
huidige,132,118
net,131,123
organisaties,131,94
houden,130,117
belangen,130,100
discriminatietoets,130,52
verantwoordelijkheid,129,88
vrij,129,110
ninsee,128,107
dag,128,97
laat,128,120
ontwerp,128,76
handelen,128,82
ontwikkeling,127,111
waarbij,127,113
new,127,84
anders,126,114
slechts,126,121
belangrijke,126,116
positie,126,111
familie,125,101
surinaamse,124,102
nodig,124,113
hoofdstuk,124,93
perspectief,124,96
red,124,94
verzet,122,92
zeggen,122,101
genoemd,122,114
zoo,122,79
kerk,122,57
stand,121,111
black,121,104
stelde,121,104
weten,120,108
afrikanen,120,98
kleur,120,96
invloed,120,108
europa,120,98
caribische,119,105
voormalige,119,104
sommige,119,113
anderen,119,112
mannen,119,102
mede,119,111
beleid,119,95
diversiteit,119,81
respondent,119,84
vele,118,113
afro,118,68
maakte,118,115
artikel,118,93
bi,118,75
nazaten,117,90
aruba,117,79
nederlanden,117,90
zuylen,117,52
per,116,103
begin,116,110
terwijl,115,110
nr,115,88
koning,115,89
leden,115,98
volgende,115,105
burgers,114,75
weer,114,106
bekend,114,112
maatschappelijke,114,97
achtergrond,114,95
koloniaal,113,96
zeventiende,113,102
willen,113,105
adviescollege,112,49
verkennend,112,110
brengen,111,104
rond,111,107
sprake,110,100
afkomst,110,85
pas,110,103
diverse,110,89
eerder,110,101
bestaan,110,101
betrokkenheid,110,95
geboren,110,93
vrije,109,82
slavery,109,93
belle,109,36
woord,108,79
vervolgens,107,99
actief,107,99
recht,107,91
verhaal,107,84
anti,107,65
goede,106,97
meeste,106,101
procent,106,60
tien,106,86
negentiende,106,92
zeker,106,102
heden,105,94
rotterdam,105,79
gebruikt,105,95
historische,104,93
hoewel,104,100
nooit,104,95
moesten,104,90
maarten,103,80
institutioneel,103,76
één,103,94
noord,103,75
grond,102,83
geheel,102,87
moment,102,97
financiële,102,87
naam,102,81
dr,102,53
hand,101,92
doorwerking,101,85
geeft,101,98
zichzelf,101,91
stond,101,95
etnische,101,75
weg,100,93
nimako,100,92
algemeen,100,88
doel,99,83
huis,99,81
gouverneur,99,75
elite,99,81
ruimte,98,92
piet,98,67
macht,98,81
informatie,98,69
eiland,98,75
wachten,98,91
meerdere,98,90
gemeenschap,97,76
onderzoekers,97,64
bleef,97,89
context,97,90
kregen,97,92
gedwongen,97,83
sociaal,96,84
opstand,96,70
immigratie,96,56
proces,95,77
wijze,95,86
museum,95,65
cultureel,94,81
bonaire,94,63
direct,94,84
eigenaren,94,79
gegeven,94,85
personen,93,81
brazilië,93,56
einde,92,80
snel,92,87
eigenaar,92,79
namen,92,87
instituut,91,74
antillen,91,73
onderwerp,91,82
parlement,91,66
bestaat,91,80
juni,91,70
indonesië,90,72
matthias,90,77
woorden,90,80
dialoog,90,55
praktijk,90,83
steden,90,74
historisch,90,83
staatstoezicht,90,69
gaf,90,87
hele,90,84
staatstoezigt,90,49
bestond,89,84
ervan,89,86
genomen,89,82
gevolg,89,86
aanpak,89,64
dutch,89,73
78ste,89,50
gemeenschappen,88,66
spreken,88,82
term,88,62
suiker,88,61
thema,88,71
franse,88,65
blijven,88,82
risico,87,62
ruim,87,79
leidde,87,78
maakt,87,83
nancy,87,79
jouwe,87,78
university,87,78
esajas,87,81
inv,87,59
blijkt,86,82
namelijk,86,81
voorkomen,86,82
gedurende,86,70
tula,86,48
vier,86,79
gemaakte,86,75
taal,85,74
caribisch,85,71
eustatius,85,64
maatschappij,85,73
vond,85,77
relatie,84,74
verbonden,84,84
history,84,72
name,84,80
geloof,84,67
verhalen,83,72
studie,83,61
mag,83,75
idee,82,75
bieden,82,73
geworden,82,79
internationale,82,67
oorlog,82,73
grondwet,82,55
dienstverlening,82,38
processen,82,55
probleem,82,59
strijd,81,71
enige,81,72
waarmee,81,78
sterk,81,76
bestuurders,81,75
gebaseerd,81,78
dragen,81,75
geld,80,69
maart,80,65
onderzoeken,80,70
daarna,80,77
pieter,80,60
wilde,80,70
manieren,79,72
historici,79,63
schip,79,50
uiteindelijk,79,75
la,79,46
heid,78,72
discussie,78,72
ieder,78,75
bronnen,78,62
york,78,60
staatscommissie,78,50
rapport,78,66
indonesische,77,66
ligt,77,73
gebracht,77,73
eerst,77,73
druk,77,66
schepen,77,62
ontstaan,76,70
grootste,76,70
gericht,76,72
helft,76,68
waardoor,76,73
gen,76,72
schreef,76,67
oud,76,62
aanzien,76,65
zaak,76,60
lid,76,62
berbice,76,50
gesprekken,76,51
rechten,75,72
soort,75,68
economie,75,63
bewust,75,71
schadeloosstelling,75,39
st,75,45
lange,74,66
derde,74,69
verschillen,74,64
maakten,74,69
arbeiders,74,61
inzicht,74,68
daardoor,74,72
delea,74,73
centraal,73,67
nadat,73,68
verenigde,73,65
iedereen,73,69
commissie,73,54
press,73,67
gehad,73,69
conservatief,73,34
publiek,72,65
hedendaagse,72,64
miljoen,72,52
nam,72,72
tevens,72,68
orde,72,52
gesteld,71,70
gesproken,71,65
daarin,71,70
reden,71,65
beide,71,64
beperkt,71,68
ras,71,56
gebrek,71,55
geweld,71,64
waaronder,71,67
kaap,71,38
slavenhouders,71,63
mate,71,63
beets,71,29
de,71,62
gevoel,70,59
neder,70,62
waarde,70,60
archieven,70,56
britse,70,46
belangr,70,59
maatregelen,69,59
aanwezigheid,69,56
spaanse,69,50
opdracht,69,64
daarvoor,69,68
zin,69,66
voeren,69,65
vader,69,56
regels,69,43
namens,69,58
onrecht,69,52
rossum,68,54
betekent,68,62
keer,68,58
bezit,68,58
toestand,68,42
liberalen,68,33
man,68,56
specifieke,68,64
inclusief,68,62
sibilla,68,21
deed,67,66
betreft,67,62
wereldwijd,67,62
afgeschaft,67,60
lijkt,67,64
mei,67,56
activiteiten,67,55
structurele,67,58
holland,67,49
berg,67,39
wit,66,49
dezelfde,66,64
betekenis,66,60
gemeente,66,49
eind,65,64
zodat,65,60
meest,65,58
algemene,65,58
verkocht,65,56
vrouw,65,55
spreker,65,48
denken,64,59
toekomst,64,62
ondanks,64,62
handelaren,64,51
zetten,64,59
immers,64,62
oprichting,64,58
onderscheid,64,53
voorstel,64,48
november,64,55
waarvan,64,64
dergelijke,64,59
76ste,64,31
77ste,64,33
historicus,63,55
norm,63,51
politie,63,41
perspectieven,63,49
kleine,63,60
media,63,49
inwoners,63,54
geldt,63,61
voorbeelden,63,59
voorzitter,63,57
liberaal,63,44
rutte,62,33
amerikaanse,62,53
feit,62,55
kant,62,50
dienen,62,52
wetenschap,62,56
verband,62,60
ervaring,62,56
gevallen,62,56
augustus,62,52
stipriaan,62,56
gevraagd,62,54
zorg,62,42
kom,61,47
bestaande,61,59
geschreven,61,52
liet,61,58
leiding,61,55
racistische,61,54
thorbecke,61,36
keti,61,43
koti,61,43
mens,61,58
deden,61,56
johan,61,50
allerlei,61,57
beginsel,61,33
uitgezonden,61,46
stadhouder,61,34
aanwezig,60,57
rijksmuseum,60,36
juridische,60,50
aziatische,60,51
eigendom,60,40
zoon,60,50
oktober,60,46
werkt,60,54
indien,60,55
impact,60,55
compagnieën,60,44
menselijkheid,60,47
allen,59,53
slachtoffers,59,51
slot,59,58
stap,59,46
stemmen,59,46
bleek,59,56
archipel,59,51
ken,59,55
frankrijk,59,45
persoon,59,49
april,59,44
vergadering,59,51
directe,59,53
midden,59,56
nicolaas,59,43
bijzonder,59,57
expliciet,59,55
ibidem,59,48
plek,58,51
vertelt,58,46
ervoor,58,58
handen,58,47
situatie,58,51
vertrouwen,58,48
begon,58,58
functie,58,49
spelen,58,52
behandeling,58,56
hetgeen,58,49
uitvoering,58,45
com,58,47
slave,58,48
aanbieden,58,43
dienst,57,54
voordat,57,55
bijna,57,56
literatuur,57,48
rijk,57,46
sprak,57,51
kritiek,57,50
aanleiding,57,55
deelnemers,57,29
erfenis,56,50
vaker,56,53
zichtbaar,56,54
gekomen,56,55
gezegd,56,51
begrip,56,50
ingezet,56,52
gebruiken,56,53
gehouden,56,53
studies,56,50
hendrik,56,39
regelmatig,56,52
doordat,56,50
aanbevelingen,56,36
zegt,56,48
ambassades,56,39
onvoldoende,55,51
december,55,50
overigens,55,54
religie,55,45
gingen,55,50
engeland,55,42
steun,55,47
vroeg,55,53
kapitaal,55,47
vroege,55,53
raad,55,50
inclusie,55,46
asiento,55,23
art,55,37
aangezien,55,52
geraadpleegd,55,47
dialogen,55,30
gesprek,54,41
kust,54,48
gezag,54,48
religieuze,54,51
wetenschappelijke,54,45
dien,54,41
herdenking,54,46
monument,54,37
kwestie,54,49
behandeld,54,50
groote,54,41
producten,54,44
belangrijkste,54,50
plan,54,42
samenwerking,54,44
karakter,54,52
bevindingen,54,47
mr,54,37
vis,54,33
toezigt,54,39
stem,53,48
di,53,28
bredere,53,49
bepaald,53,51
tegelijkertijd,53,51
januari,53,40
uitsluiting,53,49
inzichten,53,48
ontwikkelingen,53,48
hierbij,53,51
elke,53,52
mogelijke,53,48
kans,53,50
totaal,53,51
vonden,53,52
kooplieden,53,42
sara,53,22
kheid,53,47
moens,53,19
tegemoetkoming,53,33
bosse,53,37
afgelopen,52,48
persoonlijke,52,46
aspecten,52,50
euro,52,41
leggen,52,51
acht,52,45
saba,52,42
voldoende,52,52
besluit,52,46
bijdrage,52,45
overzeese,52,49
gaven,52,49
excuus,52,35
kennen,52,50
woonden,52,43
cornelis,52,36
mogen,52,46
vrede,52,35
zutphen,52,47
kt,52,42
haghen,52,16
manifest,52,30
studenten,52,38
directeur,51,45
hiervan,51,50
zorgen,51,47
velen,51,49
identiteit,51,45
ii,51,44
omvang,51,45
erop,51,50
centrum,51,46
nauwelijks,51,50
koffie,51,45
hierna,51,47
extra,51,39
ideeën,51,48
sporen,51,48
vooroordelen,51,40
alex,51,47
negatieve,51,45
ck,51,30
families,50,43
bleven,50,49
meerderheid,50,47
meestal,50,46
musea,50,38
stonden,50,48
eveneens,50,48
planters,50,43
biedt,50,46
voelen,50,43
status,50,47
inmiddels,50,49
jonge,50,47
meester,50,36
portugese,50,38
noemen,50,50
engelse,50,40
allemaal,50,44
ongelijkheid,50,44
februari,50,28
essequibo,50,32
mogel,50,42
bl,50,43
utrechters,50,41
internationaal,49,41
zagen,49,48
erkennen,49,47
erkend,49,46
java,49,44
opnieuw,49,46
verhoudingen,49,48
aandeel,49,44
dient,49,43
wetenschappers,49,41
kolonisten,49,34
hoge,49,48
loop,49,48
erfenissen,49,36
vijf,49,45
auteurs,49,40
wetgeving,49,41
raben,49,46
verdion,49,19
kamerlid,49,41
bezig,48,46
richten,48,46
rondom,48,43
ven,48,45
voren,48,45
individuele,48,45
structureel,48,45
breed,48,44
surinamers,48,33
beschouwd,48,48
stichting,48,36
besproken,48,44
cultuurstelsel,48,30
georganiseerd,48,46
wonen,48,43
behouden,48,41
gang,48,44
geleden,48,43
eeuwse,48,40
vol,48,45
misschien,48,47
ongeveer,48,44
langs,48,43
online,48,38
elk,48,44
bewindhebbers,48,28
bewoners,48,41
dens,48,44
burgemeester,48,40
horen,47,44
zoeken,47,47
relaties,47,42
stelt,47,46
eeuwen,47,43
werkten,47,41
gebeurde,47,44
regio,47,42
langer,47,47
hield,47,46
onderzocht,47,44
ondernemingen,47,42
genoeg,47,43
formele,47,44
vorming,47,47
leerlingen,47,27
zei,47,44
christel,47,31
amendement,47,32
leed,46,39
economisch,46,43
hoop,46,41
denk,46,40
punt,46,41
redenen,46,43
klein,46,44
oceaan,46,44
kijken,46,45
europeanen,46,40
advies,46,39
voort,46,45
post,46,40
ogen,46,46
vraagt,46,42
aldaar,46,42
overheden,46,37
woonde,46,40
maria,46,34
groningen,46,35
noten,46,46
utrechts,46,43
beweging,46,39
remco,46,44
wolbers,46,22
kolonien,46,32
helemaal,45,42
blijft,45,45
voornamelijk,45,42
oude,45,43
compensatie,45,39
motie,45,26
afkomstig,45,45
patronen,45,35
vergoeding,45,33
gelijk,45,39
investeringen,45,35
kosten,45,39
stelsel,45,37
gedrag,45,39
taak,45,42
gekozen,45,39
kort,45,45
echt,45,41
stadsbestuur,45,38
loten,45,23
generatie,44,32
aard,44,43
ontstond,44,43
cariben,44,32
relatief,44,39
veiligheid,44,37
samenlevingen,44,31
omgeving,44,40
benoemd,44,42
liberale,44,29
makassar,44,26
oog,44,42
korte,44,44
jacob,44,38
uthua,44,36
gij,44,17
decennia,43,43
ouders,43,36
afschaffingen,43,43
betekende,43,42
omstandigheden,43,41
valt,43,40
des,43,37
verzoek,43,33
parlementaire,43,37
voorgesteld,43,39
voorstellen,43,37
productie,43,41
brief,43,36
inkomsten,43,32
jongeren,43,29
tekst,43,40
spanje,43,36
zeven,43,41
antwerpen,43,24
leren,43,38
september,43,38
prof,43,29
gewerkt,42,38
zoveel,42,40
bijdragen,42,42
dominante,42,40
kracht,42,39
middel,42,41
lag,42,40
banden,42,35
dwangarbeid,42,35
zoek,42,40
project,42,40
daarop,42,39
vloten,42,18
sociëteit,42,31
sterke,42,40
vandaag,42,41
aangeboden,42,37
geachte,42,32
wets,42,30
mijne,42,33
esther,41,40
voorouders,41,34
verandering,41,39
antilliaanse,41,36
nadruk,41,41
schade,41,32
opheffing,41,35
talen,41,26
vrijgemaakten,41,32
documenten,41,35
goederen,41,37
vast,41,41
moeder,41,36
wilden,41,36
particuliere,41,34
inheemse,41,32
contact,41,36
joden,41,21
demerara,41,31
los,41,39
afgevaardigde,41,34
burgemeesters,41,32
oostindie,41,32
dialooggroep,41,26
vroedschap,41,30
beens,41,16
begrijpen,40,39
se,40,39
gehele,40,33
zit,40,35
bracht,40,39
hoofd,40,39
atlantisch,40,38
hoog,40,38
controle,40,37
zes,40,40
huidskleur,40,37
ontwikkelen,40,36
verschil,40,37
school,40,36
volgt,40,38
abolitionisten,40,29
bedrag,40,36
kritisch,40,39
india,40,38
neger,40,30
beeldvorming,40,25
problemen,40,34
joan,40,29
ibid,40,26
racistisch,40,34
schr,40,31
arnhem,40,33
vraagstukken,39,38
migranten,39,32
erfgoed,39,28
werking,39,36
bestrijden,39,35
mochten,39,35
moeilijk,39,36
zag,39,36
merken,39,38
brandon,39,32
opgericht,39,37
kunst,39,24
acties,39,36
alexander,39,35
katholieke,39,25
provinciale,39,34
vvd,39,14
memory,39,27
essed,39,33
werkzaam,38,36
houdt,38,38
bewustzijn,38,32
nauw,38,37
erg,38,35
waarschijnlijk,38,37
licht,38,37
speelde,38,38
helpen,38,36
initiatieven,38,30
groter,38,34
verbeteren,38,32
politici,38,30
volgen,38,34
grotere,38,38
diende,38,36
generaties,38,35
co,38,27
bewindhebber,38,29
mogelijkheid,38,36
kind,38,31
gewoon,38,35
geregeld,38,36
maurits,38,29
org,38,35
noodig,38,31
middelen,37,31
tegenwoordig,37,36
collectie,37,30
mogelijkheden,37,37
ren,37,36
fysieke,37,31
formeel,37,35
opkomst,37,31
uitgevoerd,37,36
bevorderen,37,34
personeel,37,32
vrijwel,37,34
bron,37,36
leveren,37,35
banda,37,31
recente,37,34
toegang,37,36
werkte,37,37
beschreven,37,36
wijzen,37,37
curaçaose,37,31
gekregen,37,36
zestiende,37,29
aandeelhouders,37,23
hard,37,37
meegenomen,37,34
hondius,37,23
vindt,37,31
houders,37,26
regeling,37,30
journal,37,34
duidel,37,32
landse,36,36
groeide,36,32
geleid,36,33
verloren,36,35
guyana,36,26
afhankelijk,36,34
initiatief,36,33
ontwikkeld,36,34
betreffende,36,36
gekoloniseerde,36,31
onderwerpen,36,33
elders,36,35
natie,36,26
lot,36,34
hiervoor,36,36
johannes,36,32
hierover,36,35
londen,36,31
hetzelfde,36,35
coen,36,25
vermogen,36,23
financieel,36,33
werkvloer,36,32
weliswaar,36,34
zeeland,36,28
slavernijgeschiedenis,36,33
trade,36,30
cochin,36,18
leidinggevenden,36,26
geachten,36,29
mijer,36,22
termen,35,30
westerse,35,29
marrons,35,23
open,35,34
verantwoordelijk,35,33
methode,35,23
neemt,35,35
zeventig,35,27
verklaring,35,32
militaire,35,30
dwang,35,29
inzet,35,34
schaal,35,34
keuze,35,30
plaatsen,35,34
arbeidsmarkt,35,31
circa,35,26
noodzakelijk,35,33
gert,35,30
etnisch,35,30
binnenlandse,35,27
boeken,35,32
artikelen,35,32
world,35,31
voorzien,35,34
enkel,35,33
betere,35,32
aandelen,35,27
private,35,27
anna,35,30
hulp,35,27
hierdoor,35,34
organiseren,35,33
notarissen,35,32
provincie,35,30
alt,35,33
kiesdistrict,35,26
revolutie,34,27
speelt,34,33
actuele,34,34
degenen,34,31
eigenlijk,34,31
sommigen,34,32
opgenomen,34,32
gold,34,34
enorme,34,32
daartoe,34,31
verboden,34,30
mocht,34,31
duizenden,34,30
slaafgemaak,34,30
brede,34,30
eenige,34,31
landelijke,34,29
bosch,34,31
lage,34,29
reactie,34,32
beperkte,34,33
terecht,34,34
paramaribo,34,27
heen,34,32
prominente,34,34
dagen,34,34
koopman,34,33
anton,34,30
scholen,34,29
ziet,34,32
thans,34,31
vlak,34,32
verkozen,34,25
concrete,34,31
gevonden,34,34
rijksoverheid,34,22
rust,34,25
kuipers,34,33
oom,34,22
kr,34,31
ks,34,33
sitie,34,19
omlo,34,24
overheidsorganisaties,34,26
leidt,33,32
tegenover,33,31
bouwen,33,33
optreden,33,32
gebleven,33,31
creëren,33,30
officiële,33,30
verkoop,33,28
kansen,33,30
gezet,33,33
dertig,33,32
volledig,33,33
onafhankelijk,33,28
lagen,33,32
lezen,33,31
richt,33,30
investeerders,33,28
even,33,33
sector,33,27
kaart,33,33
wim,33,32
spreekt,33,31
kocht,33,24
gideon,33,27
trouw,33,31
zijne,33,26
empire,33,29
zwolle,33,28
ambassade,33,26
na,33,29
gel,33,27
geene,33,29
negotiaties,33,12
petronella,33,18
onderzoeker,32,25
verplicht,32,31
herkomst,32,30
niveau,32,30
bijzondere,32,32
provincies,32,25
recent,32,31
vormde,32,30
gelijke,32,30
voorwaarden,32,27
effecten,32,29
african,32,30
kwesties,32,26
lopen,32,32
dood,32,29
dagblad,32,23
kenmerken,32,24
uitgesproken,32,32
ministeriële,32,14
zorgde,32,32
verscheen,32,27
elmina,32,23
overal,32,32
speelden,32,31
centrale,32,31
bekende,32,31
mening,32,32
voortgezet,32,26
uitgebreid,32,31
hogere,32,28
daaruit,32,31
nederlander,32,23
specifiek,32,32
omtrent,32,30
noemt,32,31
nieuws,32,27
sport,32,19
regenten,32,29
dirk,32,23
lynden,32,22
hoogleraar,31,28
captain,31,30
justice,31,20
stil,31,31
auteur,31,30
gedragen,31,29
gevoerd,31,30
opvattingen,31,30
orale,31,21
vorige,31,31
geschiedschrijving,31,27
fase,31,20
gevangenen,31,24
resultaat,31,29
uitzondering,31,29
charles,31,26
raciale,31,26
grootschalige,31,29
moderne,31,31
hoogste,31,29
hielden,31,29
oorspronkelijke,31,26
publicatie,31,28
sri,31,28
lanka,31,28
nen,31,29
helder,31,26
uiting,31,29
ambon,31,18
zee,31,26
bewind,31,31
paar,31,31
genoemde,31,30
beschikbaar,31,31
verwerking,31,25
benadering,31,28
besloten,31,31
tal,31,29
martin,31,28
vertellen,31,31
colonial,31,27
hoeverre,31,30
vergeten,31,28
herinnering,31,24
schoolboeken,31,17
professionals,31,19
organisatiecultuur,31,25
rose,30,26
foto,30,22
afstand,30,26
partijen,30,27
ene,30,29
surinaams,30,27
bedoeld,30,30
inhoud,30,29
traditionele,30,27
paul,30,30
premier,30,26
gelegenheid,30,28
engelsen,30,20
bezetting,30,24
opstanden,30,28
twintigste,30,25
daadwerkelijk,30,30
volgde,30,28
christendom,30,22
le,30,24
argumenten,30,27
ontvangen,30,29
antwoord,30,29
bevordering,30,30
ambtenaren,30,27
justitie,30,28
expansie,30,27
fort,30,26
indruk,30,29
gegaan,30,30
beelden,30,30
melding,30,23
én,30,29
objecten,30,19
wetten,30,25
normen,30,26
maatschappelijk,30,29
onafhankelijkheid,30,27
hierin,30,30
george,30,23
vergroten,30,27
social,30,28
jones,30,23
antillianen,30,19
lukkes,30,28
hunne,30,27
institutionele,30,26
id,30,16
misdrijven,30,14
meldingen,30,19
focus,29,28
praten,29,25
bepalen,29,28
kader,29,27
culturen,29,22
nader,29,29
bestonden,29,29
verbod,29,28
liefst,29,29
reis,29,26
betaald,29,27
verlies,29,28
brengt,29,27
carrière,29,27
zodoende,29,27
atlantic,29,28
sectoren,29,24
bood,29,28
welvaart,29,24
morele,29,27
daarover,29,29
bezwaren,29,23
oranje,29,26
latere,29,28
slavenschepen,29,27
veelal,29,28
omgang,29,28
amsterdammers,29,26
publicaties,29,26
eerdere,29,25
identificeren,29,24
anoniem,29,20
inclusieve,29,26
slavenopstand,29,26
les,29,17
middelburg,29,24
indirect,29,26
non,29,25
inventarisnummer,29,16
17e,29,25
en,29,25
van,29,22
grappen,29,13
thuis,28,27
eisen,28,25
schuld,28,24
besef,28,20
veranderen,28,26
cijfers,28,23
begonnen,28,27
bezat,28,26
zogenaamde,28,28
sluiten,28,26
leefden,28,26
twintig,28,26
relevante,28,26
constitutionele,28,24
schaffen,28,24
herdenken,28,23
tegenstelling,28,28
karwan,28,26
fatah,28,26
plannen,28,21
juridisch,28,26
leeftijd,28,28
viering,28,24
schuldig,28,25
plekken,28,26
kiezen,28,23
winst,28,25
financiën,28,25
wekker,28,25
opleiding,28,27
mark,28,28
netwerk,28,26
trekken,28,28
gerrit,28,25
behandelen,28,27
prins,28,23
opmerkingen,28,28
protestantse,28,20
beschaving,28,19
gedeelde,28,25
ongelijke,28,26
dingen,28,26
aktenr,28,20
migratieachtergrond,28,18
guadeloupe,27,23
vroeger,27,27
winsten,27,26
precies,27,27
besteed,27,26
komst,27,24
individuen,27,24
verweven,27,26
diep,27,25
schap,27,25
analyse,27,23
boord,27,24
toegestaan,27,26
tonen,27,26
gouvernement,27,20
onvrije,27,22
rekening,27,26
best,27,24
verkregen,27,24
willemsen,27,20
gepaard,27,25
britten,27,25
kortom,27,27
pogingen,27,24
lives,27,26
grondslag,27,26
welzijn,27,25
bezittingen,27,25
veranderde,27,27
probeerde,27,27
keren,27,27
destijds,27,24
mensenhandel,27,25
angst,27,23
beperken,27,25
etniciteit,27,25
gespeeld,27,27
vergelijkbare,27,25
verhouding,27,26
sterker,27,27
leverde,27,26
gedeeld,27,25
zicht,27,26
predikant,27,24
joodse,27,15
europees,27,25
lieten,27,25
liggen,27,27
bedienden,27,22
studeerde,27,25
vervangen,27,25
vn,27,16
boom,27,22
notaris,27,24
katholieken,27,19
passen,27,24
asch,27,16
standpunt,27,24
persoonl,27,24
uiteindel,27,26
prakt,27,20
bestuurl,27,19
deskundigen,27,21
mensbeelden,27,17
mary,26,22
trauma,26,21
gelijkheid,26,26
praktijken,26,22
component,26,18
bevat,26,23
geslacht,26,25
feite,26,24
anderzijds,26,25
landbouw,26,24
duur,26,25
brits,26,21
vrijgemaakte,26,23
koninklijke,26,23
iii,26,24
kende,26,26
betrokkenen,26,24
draagt,26,26
vóór,26,24
gegevens,26,25
gevestigd,26,25
toezicht,26,24
stappen,26,25
soeterwoude,26,18
bezwaar,26,21
projecten,26,23
college,26,25
abolitionisme,26,19
schadevergoeding,26,24
ministers,26,20
iedere,26,25
uiteraard,26,26
discussies,26,22
uitspraken,26,24
slaver,26,26
behoefte,26,22
viel,26,24
kolonisatie,26,23
bestrijding,26,20
wisten,26,26
plaatsgevonden,26,25
vormden,26,26
overzicht,26,26
verdient,26,26
ontwikkelde,26,23
besluiten,26,24
vielen,26,24
kopen,26,26
heren,26,21
stukken,26,26
caraïbische,26,24
roept,26,23
ondersteunen,26,25
beïnvloed,26,25
weet,26,26
kritische,26,24
vind,26,22
netwerken,26,25
stuk,26,25
meesters,26,23
canon,26,17
eenmaal,26,26
du,26,22
archives,26,24
angola,26,20
divers,26,24
zulke,26,24
spectrum,26,25
platform,26,19
doorgaans,26,26
serieus,26,24
voetius,26,15
lessen,26,19
http,26,23
interviews,26,20
terw,26,25
steven,26,15
alledaags,26,22
bz,26,17
veilige,26,25
uitdrukking,26,22
pilot,26,15
onderdrukking,25,24
daarentegen,25,25
interview,25,18
onbekend,25,23
toenemende,25,25
effect,25,23
zaten,25,24
levens,25,25
waarden,25,19
maanden,25,23
contract,25,23
imperium,25,21
wereldoorlog,25,24
tachtig,25,24
versterkt,25,25
vs,25,17
houding,25,24
petitie,25,18
datum,25,20
vormt,25,24
verdere,25,24
gemeenten,25,23
veranderingen,25,25
uitvoeren,25,24
toepassing,25,20
actie,25,25
king,25,25
matter,25,24
relevant,25,25
overtuiging,25,25
pakken,25,23
sulawesi,25,24
verovering,25,21
gekocht,25,24
opzichte,25,23
slavenregisters,25,14
structuur,25,22
definitie,25,24
hoogte,25,25
waarvoor,25,25
tentoonstelling,25,18
naties,25,22
hollandse,25,24
ceylon,25,21
ondersteuning,25,25
gender,25,23
resultaten,25,23
afdeling,25,25
legt,25,25
toenmalige,25,25
gronden,25,24
besloot,25,23
collectieve,25,23
zuidelijke,25,18
gepubliceerd,25,24
diens,25,25
spijt,25,17
kok,25,17
david,25,22
functies,25,22
rijn,25,21
onteigening,25,16
nos,25,19
law,25,20
jong,25,24
objectnummer,25,6
18e,25,24
waarsch,25,22
bedr,25,19
visser,25,20
oordeel,25,22
lizette,25,17
bureau,25,17
leidinggevende,25,24
kitlv,24,16
expertise,24,22
iisg,24,20
halen,24,24
iv,24,20
posities,24,23
vastgelegd,24,23
bent,24,20
slaafge,24,24
gezin,24,23
armoede,24,21
industrie,24,18
aantallen,24,23
slavernijsysteem,24,19
deelname,24,22
ondernemers,24,21
gebouwd,24,23
menselijke,24,23
gebeurt,24,24
toegepast,24,24
instellingen,24,20
actieve,24,22
systematisch,24,23
waarna,24,21
deels,24,22
twijfel,24,24
rapporten,24,21
betalen,24,23
wist,24,22
vestiging,24,22
verdrag,24,19
soldaten,24,23
frederik,24,21
baron,24,19
rijke,24,23
vermeld,24,21
ontbreekt,24,23
wettelijk,24,23
firma,24,19
bespreken,24,22
investeren,24,22
gelden,24,24
complexe,24,22
verlaten,24,22
dagelijks,24,23
verschenen,24,22
hierboven,24,23
docent,24,18
evenals,24,24
officieel,24,23
verbetering,24,20
conflict,24,24
brittannië,24,20
vallen,24,23
koninkrijksrelaties,24,16
misdaad,24,21
wettelijke,24,20
tom,24,14
janskerkhof,24,17
godsdienst,24,22
henk,24,21
experts,24,20
comité,24,17
vecht,24,17
nieuwegracht,24,19
maarssen,24,15
huydecoper,24,11
ackersd,24,14
taubira,24,15
mijnheer,24,22
koninklijk,23,20
rechts,23,20
gelaten,23,22
zat,23,22
herstelbetalingen,23,18
weerstand,23,17
besluitvorming,23,20
kerken,23,14
volk,23,22
enorm,23,23
thomas,23,23
voormalig,23,23
behoud,23,22
taken,23,14
kolo,23,23
zelden,23,22
verricht,23,21
beheer,23,22
publiceerde,23,20
oorlogen,23,22
ertoe,23,23
uitbuiting,23,23
toestemming,23,23
visie,23,21
belanghebbenden,23,21
noodzaak,23,23
uitgegeven,23,21
missie,23,20
keerde,23,23
richting,23,22
termijn,23,20
argument,23,19
engels,23,23
onmogelijk,23,20
beperking,23,20
gerard,23,16
ontslag,23,17
huizen,23,21
voorwaarde,23,21
instrument,23,22
hoorn,23,20
zekere,23,22
alsof,23,22
krijgt,23,20
roman,23,16
bereiken,23,21
totstandkoming,23,22
noch,23,18
besteden,23,22
portugezen,23,19
hierop,23,22
titel,23,19
trouwde,23,19
cambridge,23,18
zitten,23,23
guno,23,20
curriculum,23,19
geschikt,23,20
conservatieven,23,17
twist,23,16
bes,23,11
civielrechtelijke,23,14
aangegeven,23,22
wensch,23,20
cool,23,15
gelegd,22,22
leeft,22,22
protest,22,20
negentig,22,22
instantie,22,21
vierde,22,22
zogenoemde,22,22
ooit,22,21
data,22,15
veilig,22,21
gevoelens,22,21
grotendeels,22,22
toont,22,22
jaarlijks,22,21
enerzijds,22,22
forten,22,19
loon,22,20
succes,22,21
loyaliteit,22,15
uiteenlopende,22,21
klachten,22,20
dam,22,22
wetenschappelijk,22,21
domein,22,21
richtte,22,22
gouden,22,17
persoonlijk,22,21
aanvoer,22,20
financiering,22,18
bevoegdheden,22,19
min,22,22
ghana,22,20
verdragen,22,20
principe,22,22
werving,22,17
kochten,22,22
water,22,19
verklaren,22,22
opvallend,22,22
nijmegen,22,21
niemand,22,20
gezamenlijke,22,21
stelden,22,19
profijt,22,16
aannemen,22,19
kent,22,21
elf,22,19
afbeeldingen,22,12
verkrijgen,22,21
herkennen,22,22
digitale,22,15
collecties,22,19
broer,22,20
dochter,22,19
integratie,22,21
diensten,22,14
beschikken,22,21
erkent,22,20
duurzame,22,19
spraken,22,21
werkzaamheden,22,18
robert,22,21
gevolgd,22,20
momenten,22,20
vertegenwoordigers,22,22
caricom,22,8
simon,22,19
benadrukken,22,22
ambassadeur,22,15
drs,22,16
mensch,22,15
versterken,22,20
heeren,22,20
ondaatje,22,11
racism,22,17
verkenning,22,19
aansprakelijkheid,22,14
ontwerpen,22,17
thorbeckianen,22,10
trainingen,22,13
onderwijsinstellingen,22,13
slavernijmuseum,21,18
interne,21,19
verbinding,21,20
diaspora,21,21
onderlinge,21,21
breder,21,21
tweehonderd,21,21
duidelijke,21,21
ontbreken,21,20
afstammelingen,21,20
uitgebreide,21,20
promoveerde,21,20
straffen,21,20
leger,21,21
veroordeeld,21,21
duurde,21,20
honderd,21,21
javaanse,21,16
oftewel,21,20
functioneren,21,20
openbare,21,21
slotte,21,20
totdat,21,20
schrijven,21,21
soevereiniteit,21,15
ding,21,21
elout,21,15
vervoerd,21,19
reflectie,21,17
blik,21,17
opstellen,21,20
gebruikte,21,21
trad,21,20
middels,21,21
kamerleden,21,17
legde,21,21
ontvingen,21,19
negers,21,19
immigranten,21,16
markt,21,21
verhandeld,21,20
pro,21,19
zware,21,21
moeite,21,19
honderden,21,19
verkopen,21,20
vrees,21,19
onderling,21,19
essentieel,21,21
vertegenwoordiger,21,20
verwevenheid,21,18
complex,21,19
gebeuren,21,21
eigenaars,21,20
verbouwen,21,18
dekolonisatie,21,18
straat,21,21
gehoord,21,20
spaans,21,16
nakomelingen,21,19
ware,21,17
christenen,21,18
moslims,21,14
welk,21,21
zen,21,21
bepaling,21,18
buitenland,21,20
diepe,21,20
democratie,21,14
gebeurd,21,19
society,21,21
vertrok,21,21
monumenten,21,16
gebeurtenissen,21,20
terrein,21,21
totale,21,19
dienaren,21,19
pers,21,20
dordrecht,21,19
gereformeerde,21,11
synode,21,12
slechte,21,18
century,21,20
heidenen,21,11
ker,21,18
tafel,21,15
uitkomsten,21,21
wernard,21,13
netherlands,21,18
andriessen,21,16
consensusrijkswet,21,9
planbureau,21,18
vervolgde,21,18
dirks,21,13
antirevolutionairen,21,17
toets,21,16
links,20,17
voldoen,20,20
gekoppeld,20,20
postkoloniale,20,20
bewustwording,20,20
slecht,20,19
kringen,20,19
veranderd,20,19
verbeelding,20,16
sumatra,20,17
team,20,15
illegale,20,16
boeren,20,12
havens,20,18
sla,20,20
stimuleren,20,20
vorsten,20,18
zette,20,18
effectief,20,19
geconfronteerd,20,20
betrekken,20,17
heritage,20,18
abolition,20,20
collectief,20,19
napoleon,20,13
fransen,20,16
stemming,20,14
geschiedenissen,20,20
uitspraak,20,19
herinneren,20,17
herdacht,20,15
gewassen,20,16
jean,20,17
profileren,20,17
nadrukkelijk,20,20
bestuurlijke,20,19
factor,20,19
noorden,20,20
lijst,20,14
schulden,20,14
daaraan,20,20
negen,20,20
positieve,20,18
rest,20,19
hope,20,13
handels,20,19
stadhouders,20,15
wens,20,18
exploitatie,20,19
top,20,15
belasting,20,17
alledaagse,20,13
kunt,20,17
liever,20,18
beschermen,20,20
rivier,20,18
rede,20,18
cruciale,20,19
martinus,20,18
overleed,20,18
golf,20,13
misbruik,20,18
omgaan,20,18
instituties,20,19
donker,20,12
ideologische,20,13
mechanismen,20,19
hilversum,20,19
problematiek,20,19
management,20,16
eduard,20,15
vereniging,20,19
juiste,20,20
see,20,17
studeren,20,14
overl,20,18
verw,20,18
maatschappel,20,18
vroedschapsleden,20,17
voorstander,20,18
dschrift,20,12
voelt,20,16
consequenties,20,20
doorstroming,20,16
schimmelpenninck,20,14
meen,20,18
regt,20,17
parlementsleden,20,13
felten,20,19
vgl,20,17
beschuldiging,20,14
streven,19,18
vandaan,19,19
bedrijven,19,18
bank,19,17
sen,19,19
radicale,19,17
onbewust,19,19
superioriteit,19,18
belangstelling,19,19
voer,19,18
ontving,19,17
klasse,19,18
migratie,19,18
tie,19,18
ring,19,19
voorlopers,19,17
volledige,19,18
produceren,19,19
volkeren,19,19
willemstad,19,17
voorgrond,19,17
baud,19,16
poging,19,17
groen,19,17
betrof,19,19
zestig,19,18
fenomeen,19,19
zwarten,19,19
molukken,19,18
autoriteiten,19,17
dankzij,19,19
hoofdstukken,19,16
volle,19,19
verbinden,19,19
complexiteit,19,19
burger,19,15
slavenarbeid,19,18
bang,19,16
octrooi,19,17
dienden,19,18
verdienen,19,19
materiële,19,18
voornaamste,19,17
handhaving,19,18
regelen,19,17
systematische,19,19
waaruit,19,19
blijken,19,19
douane,19,11
indiase,19,16
papiaments,19,13
adriaan,19,15
toegevoegd,19,19
caroline,19,19
methoden,19,15
christelijke,19,16
god,19,16
stadsarchief,19,17
voorkomt,19,17
infrastructuur,19,18
mentale,19,16
hiermee,19,19
bondgenoten,19,14
part,19,17
connecties,19,18
vrienden,19,18
ondersteund,19,17
islamitische,19,15
vestigde,19,18
bengalen,19,16
hans,19,18
benadrukt,19,19
geheele,19,18
programma,19,17
utrechtsche,19,17
vergelijking,19,18
tegengaan,19,19
kamers,19,16
behoort,19,19
statuut,19,12
kun,19,17
plaatsvinden,19,19
klankbordgroep,19,10
past,19,19
un,19,16
brieven,19,15
pand,19,17
misdaden,19,16
overeenstemming,19,16
str,19,15
zonder,19,18
isabelle,19,11
constance,19,9
ft,19,18
toegangsnummer,19,17
kandidaten,19,18
cda,19,10
voorgange,19,8
nispen,19,15
sevenaer,19,15
heemskerk,19,14
observaties,19,10
oneerlijke,19,11
dienstverleners,19,11
senior,18,15
vijftig,18,18
symbolische,18,15
participatie,18,15
kern,18,18
president,18,15
overheersing,18,15
plaatsvond,18,18
zwaar,18,18
opgeheven,18,17
raken,18,18
chinese,18,15
gezocht,18,17
eenvoudig,18,18
gevormd,18,17
uitmaken,18,17
beschouwen,18,17
wellicht,18,18
american,18,17
verwachten,18,17
caribbean,18,18
europe,18,16
onderdanen,18,17
openlijk,18,15
leidden,18,18
koste,18,17
succesvolle,18,17
sociaaleconomische,18,18
rijks,18,12
jaarlijkse,18,18
opgemerkt,18,18
gefinancierd,18,17
bataafse,18,15
leek,18,18
trokken,18,17
koets,18,8
ingesteld,18,18
uitgekeerd,18,13
uitwerking,18,16
waaraan,18,18
pepijn,18,15
probeerden,18,17
combinatie,18,18
pieterszoon,18,15
gemiddelde,18,12
hoger,18,17
liep,18,17
obligaties,18,14
kleinere,18,18
aangesteld,18,18
opvatting,18,14
behalve,18,18
verslag,18,18
genocide,18,15
inkomen,18,16
michiel,18,18
tientallen,18,18
sprekers,18,14
hoofdstad,18,17
uitsluitend,18,18
dans,18,13
contrast,18,17
afgebeeld,18,14
gloria,18,16
verteld,18,18
graag,18,18
huishouden,18,17
verwezen,18,17
gezicht,18,18
jonker,18,15
brachten,18,17
raakte,18,18
werknemers,18,13
john,18,15
abraham,18,16
particulieren,18,15
geschiedenisonderwijs,18,12
vertaald,18,16
del,18,16
minste,18,17
rotterdamse,18,16
gedachte,18,16
verre,18,18
landelijk,18,17
natuur,18,15
mensenrechten,18,18
eck,18,13
bereikt,18,18
vwo,18,13
international,18,17
maartje,18,17
tusschen,18,16
williams,18,16
matthijs,18,18
19e,18,16
levend,18,16
reparations,18,14
directies,18,16
verantwoordel,18,17
gebragt,18,18
charrière,18,11
julien,18,14
oogenblik,18,15
fouten,18,14
asser,18,12
verwachtingen,18,14
bejegening,18,13
professionele,18,16
omstanders,18,10
duo,18,13
pilotorganisaties,18,12
francio,17,15
activisten,17,16
hiërarchie,17,15
lijken,17,17
succesvol,17,17
dacht,17,15
slachtoffer,17,16
unesco,17,13
verzameld,17,15
slavenhandelaren,17,16
tol,17,15
eventuele,17,15
behoeve,17,17
bereidheid,17,15
onderhouden,17,17
geproduceerd,17,17
rego,17,13
militair,17,16
teksten,17,17
zorgt,17,17
research,17,16
kwame,17,16
betrekkingen,17,16
zogeheten,17,17
meteen,17,17
bosma,17,15
bewijzen,17,14
voerde,17,17
langzaam,17,17
veertig,17,17
verborgen,17,17
draagvlak,17,16
neer,17,17
lands,17,16
tegelijk,17,16
gewezen,17,17
inzetten,17,17
inderdaad,17,17
tiende,17,17
ling,17,17
gemiddeld,17,13
frans,17,16
rekenen,17,17
degelijk,17,17
hart,17,17
redactie,17,16
uitgaven,17,13
desondanks,17,17
directie,17,14
schatkist,17,17
investeerde,17,17
groeien,17,17
strafrechtelijke,17,14
leverden,17,17
hoort,17,17
hoorde,17,17
situaties,17,16
beslissingen,17,15
figuur,17,16
minst,17,15
geplaatst,17,16
regelgeving,17,17
dergelijk,17,17
overzee,17,16
gouverneurs,17,17
wantrouwen,17,13
transport,17,16
vroegere,17,17
district,17,13
website,17,15
gebouw,17,17
integraal,17,16
contacten,17,17
volstrekt,17,17
rechter,17,15
onderscheiden,17,15
aankoop,17,15
gedoopt,17,14
doop,17,10
achtergronden,17,17
daniël,17,14
oriëntatie,17,15
eu,17,13
beiden,17,17
hieronder,17,17
merkte,17,16
dank,17,16
race,17,13
html,17,16
oxford,17,14
janse,17,16
modern,17,16
review,17,16
verwacht,17,15
walburg,17,16
elisabeth,17,14
aangeven,17,17
ondervinden,17,17
lucas,17,12
adviezen,17,15
ongeschreven,17,14
stedel,17,14
matth,17,16
ds,17,13
hoornbeeck,17,11
pdf,17,11
bepalingen,17,14
hoogstens,17,15
bijeenkomsten,17,12
standbeelden,17,10
werkgevers,17,8
verminderen,17,16
defensie,17,10
zooveel,17,16
vrijverklaring,17,15
dunkt,17,16
vertrouwenspersonen,17,10
insluiting,17,9
belangenorganisaties,16,11
burgerschap,16,16
zwijgen,16,13
nou,16,16
contractarbeiders,16,13
academische,16,15
vertegenwoordigd,16,15
gemeen,16,16
pen,16,15
achterhalen,16,16
ving,16,16
historical,16,15
materiaal,16,15
ontsnappen,16,14
realiteit,16,16
document,16,14
vreemde,16,16
duizend,16,15
binnenland,16,11
begrepen,16,16
overeenkomsten,16,16
fundamentele,16,16
natuurlijk,16,16
bijvoor,16,16
compleet,16,14
ziekte,16,16
glenn,16,12
zover,16,16
haïti,16,14
ulbe,16,15
overtuigd,16,16
geraakt,16,15
hieraan,16,16
goudkust,16,13
behoorde,16,16
wees,16,16
eer,16,14
lobby,16,13
toeslagenaffaire,16,13
tijdperk,16,14
parlementair,16,13
instituten,16,15
reeks,16,16
gewelddadige,16,16
beginnen,16,16
gelegen,16,16
treden,16,16
half,16,14
structuren,16,15
rechtbank,16,12
werkelijk,16,16
vertrokken,16,14
cruciaal,16,16
beste,16,16
ende,16,14
onderneming,16,15
verliezen,16,15
liepen,16,16
koffieplantage,16,11
bezaten,16,15
negotiatie,16,12
onderworpen,16,15
terugkeer,16,16
gecreëerd,16,16
bouw,16,15
straf,16,15
benoemen,16,15
verantwoording,16,15
fortuin,16,14
respect,16,15
ga,16,14
uitingen,16,15
universiteiten,16,14
drieënhuizen,16,16
blinde,16,16
bundel,16,15
museale,16,13
geschie,16,16
start,16,16
waarbinnen,16,15
pagina,16,15
notariële,16,16
tentoonstellingen,16,16
ketenen,16,13
reageren,16,15
nederlandsch,16,16
akten,16,14
overleven,16,16
legden,16,16
permanente,16,16
jarenlang,16,15
echte,16,14
advocaat,16,14
kapitein,16,14
sefardische,16,8
gewone,16,16
madagaskar,16,12
bescherming,16,13
rooms,16,14
familieleden,16,16
verzoekschriften,16,7
minstens,16,16
las,16,12
getrokken,16,16
bereid,16,15
schreven,16,12
werkgroep,16,12
bibliotheek,16,15
gesloten,16,15
kwetsbaar,16,15
herdenkingen,16,13
punten,16,15
baay,16,14
doi,16,15
volkskrant,16,10
voorkeur,16,16
helpt,16,15
hebt,16,13
jarige,16,16
uitgever,16,13
arbeiden,16,14
aanzienl,16,14
aanspraak,16,15
huwel,16,13
tuyll,16,14
serooskerken,16,13
kromme,16,11
hengst,16,10
nauwel,16,16
neiging,16,15
neuchâtel,16,9
swellengrebel,16,10
dezen,16,15
effendi,16,7
componenten,16,16
werkomgeving,16,16
engelsche,16,11
er,16,13
dekker,16,10
nicolaï,16,10
wetgever,16,11
4a,16,16
sectorale,16,10
thodé,16,11
aannames,16,12
radar,16,12
nyevelt,16,10
pilots,16,10
antropoloog,15,14
conflicten,15,15
educatie,15,15
verdiepen,15,15
debatten,15,14
goud,15,14
gezamenlijk,15,13
gevaar,15,15
beschermd,15,11
hoeveelheid,15,14
bezoek,15,14
contractarbeid,15,12
klimaat,15,14
huishoudens,15,12
indisch,15,15
wegens,15,14
lijk,15,15
massale,15,15
stroom,15,14
behulp,15,15
kroon,15,14
voortdurend,15,12
individu,15,15
vorst,15,12
primair,15,14
interventies,15,14
eis,15,13
althans,15,14
onderdelen,15,13
versie,15,10
momenteel,15,15
bloei,15,12
stilte,15,14
vraagstuk,15,15
opinie,15,13
stemden,15,14
vaste,15,13
slaveneigenaren,15,15
werkwijze,15,8
concluderen,15,15
ingevoerd,15,12
joseph,15,14
len,15,15
haagse,15,14
volkomen,15,15
aangetoond,15,13
waarborgen,15,14
ingrijpen,15,14
vlag,15,12
automatisch,15,13
geest,15,14
mauritius,15,11
portugees,15,13
elites,15,12
ermee,15,15
systemen,15,13
stel,15,15
laag,15,15
patroon,15,12
registers,15,11
bevatten,15,14
opbrengsten,15,15
tijdelijk,15,14
monopolie,15,14
spanningen,15,15
vlucht,15,13
informele,15,14
secretaris,15,14
scheiding,15,13
bevolkingsgroepen,15,14
tilburg,15,14
moreel,15,11
bruin,15,15
johanna,15,13
taalgebruik,15,11
overkoepelende,15,11
versterking,15,15
geacht,15,15
selectie,15,14
meerwaarde,15,15
regionale,15,15
vanzelfsprekend,15,15
populaire,15,15
vooraanstaande,15,15
denis,15,15
reizen,15,15
samuel,15,13
meisje,15,12
boodschap,15,14
bovenstaande,15,15
band,15,15
ponte,15,15
menschen,15,12
stedelijke,15,14
segregatie,15,12
oorsprong,15,14
vertelde,15,15
verdeeld,15,15
decennium,15,12
dom,15,15
voorbij,15,15
lastig,15,15
tijdschrift,15,15
beroemde,15,14
plantagehouders,15,15
leider,15,14
andrea,15,15
kaapkolonie,15,15
treffen,15,13
global,15,14
handelswaar,15,14
arakan,15,9
aspect,15,15
european,15,14
zelve,15,14
ambassadeurs,15,14
verklaard,15,15
resolutie,15,9
brabant,15,6
myrthe,15,15
landgoed,15,13
spall,15,8
opvoeding,15,15
expliciete,15,14
twaalf,15,15
uitspreken,15,15
vrijmaking,15,12
reggie,15,13
alofs,15,10
feiten,15,15
vries,15,12
lulu,15,13
formuleren,15,14
last,15,15
waardering,15,14
standbeeld,15,10
hoeft,15,15
haarnack,15,13
ontslagen,15,13
holocaust,15,12
beschr,15,15
natuurl,15,15
suikerhuis,15,10
onderw,15,12
openbaar,15,15
hall,15,10
afwezigheid,15,10
curacao,15,9
agressie,15,12
strafrecht,15,7
nrc,15,12
sorry,15,11
4c,15,15
etc,15,14
onderzoeksrapport,15,14
actieplan,15,12
gelijkwaardige,15,14
maak,15,13
constitutie,15,12
elzinga,15,7
meldpunt,15,10
vereenigen,15,13
oproep,14,13
gario,14,14
trots,14,12
minderheid,14,14
reacties,14,13
tijde,14,13
bepaalt,14,14
kolonisator,14,13
traditie,14,13
verzamelde,14,11
bewaard,14,12
zodanig,14,14
eersten,14,12
maatregel,14,13
effectieve,14,13
sterfte,14,13
tradities,14,14
saint,14,10
groei,14,14
ingediend,14,14
beperkingen,14,13
archeologie,14,8
emancipation,14,12
soevereine,14,14
verzetten,14,14
bedroeg,14,14
riep,14,13
stemde,14,9
vloek,14,12
landbouwkolonie,14,12
fondsen,14,13
slagen,14,14
london,14,13
abolitionistische,14,12
investeer,14,13
vertrek,14,14
rochussen,14,10
nassau,14,14
denkbeelden,14,13
harde,14,14
werkkrachten,14,12
aanvankelijk,14,14
nij,14,14
baan,14,10
eeuwenlang,14,14
timor,14,9
uitvoer,14,12
diezelfde,14,14
vastgesteld,14,14
misstanden,14,11
permanent,14,13
veroorzaakt,14,14
verwijzing,14,14
proberen,14,14
ambtenaar,14,13
zuidoost,14,14
opgezet,14,14
posten,14,12
eenentwintigste,14,14
langdurige,14,12
tabak,14,13
partners,14,14
negeren,14,10
voordeel,14,14
richtten,14,14
opleveren,14,14
overleden,14,14
afspiegeling,14,14
reflecteren,14,14
levert,14,14
erasmus,14,11
zeeuwse,14,14
vaststelling,14,11
behoren,14,14
portret,14,13
voet,14,14
besturen,14,14
aanzienlijk,14,14
letteren,14,13
geïnvesteerd,14,13
mindere,14,14
nationaliteit,14,12
variant,14,13
meerstemmigheid,14,13
pierre,14,12
erkende,14,14
geformuleerd,14,14
aangeduid,14,14
vroegmoderne,14,14
kolfin,14,10
element,14,12
bod,14,14
bevonden,14,14
joris,14,13
neem,14,14
oranjes,14,9
vestigen,14,14
ergens,14,12
getuigen,14,12
waardigheid,14,14
overgenomen,14,14
oso,14,9
aldus,14,13
kars,14,13
professor,14,10
bloed,14,13
veroveren,14,12
aangepast,14,13
gedeelte,14,14
geïnteresseerd,14,12
manuel,14,11
toekomstige,14,14
bedoeling,14,14
passende,14,13
admiraliteiten,14,10
omschreven,14,14
slavernijmonument,14,11
aangedaan,14,13
putte,14,10
khoisan,14,8
south,14,13
bzk,14,10
gemarginaliseerde,14,11
toegenomen,14,13
onderzoeksvragen,14,9
waarheid,14,14
colombo,14,14
web,14,11
kerndoelen,14,10
eindtermen,14,9
vergaderingen,14,13
neef,14,13
externe,14,13
hendrick,14,12
geoctroyeerde,14,12
state,14,12
vaardigheden,14,13
aanpassen,14,11
theologie,14,12
herstellen,14,14
hedendaags,14,12
westindische,14,12
delft,14,12
bestuurder,14,12
frank,14,14
gebouwen,14,13
white,14,14
php,14,14
nummer,14,13
leeuwarden,14,12
antilliaans,14,12
carl,14,14
zet,14,13
discriminerend,14,10
duymaer,14,12
bakker,14,14
kste,14,13
oudegracht,14,12
jaarl,14,13
storm,14,12
merkt,14,13
réveil,14,10
student,14,13
ontkennen,14,14
hoeven,14,14
pep,14,12
curtius,14,7
formulering,14,11
rijpkema,14,10
onderzoekscentrum,14,10
antiracisme,14,11
denkbeeld,14,13
fermin,14,14
personeelszaken,14,11
hoofddoek,14,8
sensitiviteit,14,8
volkenkunde,13,13
gespecialiseerd,13,13
roepen,13,13
aankomst,13,13
verzwegen,13,13
kaders,13,11
rechtvaardigheid,13,12
dichter,13,12
gebaseerde,13,13
immaterieel,13,7
vergroot,13,13
gevangen,13,13
getoond,13,12
proefschrift,13,13
bestuderen,13,13
beslag,13,11
suikerplantages,13,12
breman,13,8
knil,13,8
ders,13,12
schrijver,13,12
ont,13,13
ruil,13,12
olie,13,9
lijke,13,12
shell,13,12
impuls,13,13
werkgelegenheid,13,13
overtocht,13,11
geleidelijk,13,12
uitgenodigd,13,13
activisme,13,13
herdenkingsdag,13,12
verzocht,13,11
niale,13,13
samenstelling,13,12
voerden,13,13
slaafgemaakt,13,13
bestudeerd,13,10
werkelijkheid,13,13
droegen,13,13
gedacht,13,12
presenteerde,13,13
natuurlijke,13,13
agenda,13,12
ontwikkelden,13,13
sche,13,13
erin,13,13
verlenen,13,13
petities,13,11
tafels,13,10
mogendheden,13,13
mensenroof,13,7
veelvuldig,13,13
flink,13,13
aanleg,13,10
soldaat,13,13
ingericht,13,13
geboorte,13,13
lijn,13,12
bestuurlijk,13,13
gerekend,13,13
investeerden,13,12
handelscompagnieën,13,12
rechtstreeks,13,13
simpelweg,13,13
gelderland,13,10
beïnvloeden,13,11
overwegingen,13,11
constructie,13,13
beurt,13,13
bedragen,13,13
mensheid,13,10
qua,13,12
karel,13,11
lingen,13,13
veer,13,10
talloze,13,12
gepresenteerd,13,13
zelfstandig,13,13
wereldwijde,13,13
figuren,13,10
dagelijkse,13,13
soortgelijke,13,13
interessant,13,12
graaf,13,10
verschijnsel,13,12
beetje,13,13
koop,13,13
wijken,13,9
ondernemen,13,13
ernstig,13,11
autonomie,13,12
sfeer,13,13
vestigden,13,13
winnen,13,12
sloten,13,13
oosten,13,13
vrijheden,13,13
congo,13,12
realiseren,13,12
nederzettingen,13,11
activiteit,13,12
categorie,13,12
eten,13,11
slaves,13,12
dienke,13,13
gelezen,13,13
making,13,11
buurt,13,12
onafhankelijke,13,13
categorieën,13,10
azia,13,8
jeugd,13,11
wetshandhavers,13,9
waarover,13,13
niveaus,13,13
voorgaande,13,13
langdurig,13,13
gekeken,13,13
laurens,13,8
staatsrechtelijke,13,9
lossen,13,13
theologen,13,10
jongen,13,11
reede,13,8
criteria,13,11
bewegingen,13,12
aanpassing,13,10
pleiten,13,13
uitgeverij,13,13
haarlem,13,13
luc,13,9
politics,13,11
life,13,13
eric,13,12
hoonhout,13,12
fransche,13,12
daarmede,13,12
leraren,13,10
vak,13,9
films,13,13
oorzaken,13,13
benaderd,13,11
lager,13,12
witheid,13,11
tropenmuseum,13,11
stadhuis,13,12
pijn,13,11
erken,13,10
voorgangers,13,11
genootschap,13,11
rente,13,11
waarb,13,13
heuvel,13,7
kse,13,12
dupeyrou,13,5
maatschapp,13,12
zelven,13,12
gevoelen,13,13
wenschen,13,13
bestreden,13,13
gravenberch,13,8
hooggeplaatste,13,12
daden,13,8
contre,13,8
herdenkingsdagen,13,12
melden,13,11
kwalitatief,13,10
slavenverleden,13,5
draag,13,10
beraadslaging,13,12
dölle,13,7
twijfels,13,10
zult,13,8
dezer,13,12
uiten,13,12
goltstein,13,8
teams,13,10
stuurgroep,13,9
focusgroepen,13,9
functionerende,13,10
klachtenprocedure,13,9
overheidsinstantie,13,5
intern,12,11
bovenlaag,12,10
mentaliteit,12,10
zichtbaarheid,12,10
profiteerde,12,11
partij,12,10
regeringen,12,10
mis,12,12
representatie,12,10
behoeften,12,12
onbekende,12,12
bevolkingen,12,10
grenzen,12,12
puerto,12,10
rico,12,10
martinique,12,9
felicia,12,12
fricke,12,12
weinige,12,11
doorbreken,12,12
wegen,12,12
ontstonden,12,12
invoering,12,12
zozeer,12,12
gescheiden,12,12
bevorderd,12,12
vaststellen,12,11
analyseren,12,12
werpen,12,11
overleg,12,12
nuttig,12,11
slaafmakers,12,8
katoen,12,10
luidde,12,12
parlementariërs,12,11
vrijlating,12,12
verrichten,12,12
hare,12,12
fysiek,12,10
aanzienlijke,12,12
universitaire,12,10
opgelegd,12,11
gering,12,12
prinsterer,12,12
maat,12,12
abolitionist,12,11
drukken,12,12
keuzes,12,9
late,12,12
antwoorden,12,12
beschouwde,12,12
hoeveel,12,12
groeiende,12,12
voortdurende,12,12
maritieme,12,11
huishoudelijk,12,10
kwart,12,12
strafbaar,12,10
blok,12,8
kees,12,12
zijnde,12,12
vijftien,12,12
hof,12,11
prijs,12,11
instelling,12,11
el,12,11
database,12,11
beroep,12,12
tenzij,12,11
terminologie,12,10
verschafte,12,12
leningen,12,12
company,12,9
veroverde,12,12
malen,12,12
verdienden,12,11
sten,12,12
speciaal,12,11
rijkdom,12,11
romans,12,8
muziek,12,12
belast,12,12
uitgesloten,12,12
uitkomst,12,12
verslagen,12,12
verbouwd,12,12
nhm,12,8
datzelfde,12,12
keten,12,12
belastingen,12,11
loopt,12,11
sranantongo,12,7
rechtspraak,12,12
indo,12,11
gemengde,12,12
tijden,12,11
lijden,12,12
visuele,12,10
type,12,11
toelichting,12,12
smeulders,12,10
kijk,12,12
culture,12,12
diepgaand,12,10
verankerd,12,12
bediende,12,10
oogpunt,12,12
onschuld,12,12
naarmate,12,12
beschrijven,12,11
vervolgonderzoek,12,11
duiden,12,12
minderwaardig,12,12
mooie,12,12
portugal,12,10
vervullen,12,12
aanraking,12,12
verlangen,12,11
rug,12,12
ontkenning,12,12
acceptatie,12,12
verdwijnen,12,12
verplichting,12,11
vluchtten,12,12
coymans,12,7
amerikanen,12,9
oor,12,12
precieze,12,11
early,12,12
maand,12,11
odegard,12,12
klooster,12,12
nauwe,12,12
aanbieding,12,11
afspraken,12,12
opzet,12,11
vieren,12,10
brandes,12,10
machtsverhoudingen,12,11
seksuele,12,11
verdediging,12,11
belicht,12,12
paloepose,12,7
paleis,12,10
psychologische,12,12
rehabilitatie,12,9
oorzaak,12,10
heffen,12,11
betoog,12,11
weken,12,11
vormgeven,12,10
d66,12,9
dier,12,10
subsidies,12,12
christian,12,10
stroming,12,10
vaderland,12,12
kantoor,12,11
bruggen,12,9
roep,12,11
gezondheid,12,12
bert,12,12
forum,12,9
mitchell,12,11
jaarboek,12,11
schreuder,12,10
dubois,12,8
blanken,12,8
bonairiaanse,12,10
sklabitut,12,6
eerlijke,12,12
verbeterd,12,12
manuhutu,12,12
concept,12,11
verlopen,12,11
gebonden,12,10
geaccepteerd,12,12
uitsluiten,12,12
zoodanige,12,10
zelfbeeld,12,10
toepassen,12,10
bezitten,12,12
nepveu,12,7
trois,12,8
femmes,12,8
calvinistische,12,9
stof,12,12
dankz,12,11
gepland,12,12
surinaamsche,12,12
philomena,12,12
carnaval,12,8
bell,12,8
publishers,12,11
luidt,12,11
gravenhage,12,11
ed,12,11
leeuw,12,6
protestanten,12,9
list,12,10
bedrog,12,10
linden,12,12
begaan,12,11
nabestaanden,12,8
traite,12,7
que,12,10
crime,12,10
rijkswet,12,9
omvat,12,12
laws,12,11
randvoorwaarden,12,9
gestemd,12,10
belastingdienst,12,9
stress,12,9
lesmateriaal,12,6
bovend,12,7
eert,12,7
onderstaande,12,12
gisteren,12,11
tutein,12,11
eenigzins,12,9
heukelom,12,8
antirevolutionair,12,8
conservatieve,12,11
feedback,12,10
ghorashi,12,12
instroming,12,11
verbale,12,10
conformeren,12,12
doorgroeimogelijkheden,12,10
overheidshandelen,12,7
discretionaire,12,9
adv,12,5
urwin,11,11
vyent,11,11
gelijkwaardig,11,9
schaamte,11,9
gehaald,11,11
fonds,11,9
raciaal,11,9
onderbelicht,11,11
slaan,11,11
mondelinge,11,8
bloot,11,11
toegankelijk,11,11
papier,11,11
normaal,11,10
zorgvuldig,11,11
paradox,11,10
sloot,11,11
voortbestaan,11,11
napoleontische,11,10
toonde,11,11
bekering,11,9
stelling,11,10
dwangarbeiders,11,6
respectievelijk,11,11
onvermijdelijk,11,9
eisten,11,11
contracten,11,10
bepaalden,11,11
bedrijf,11,11
boden,11,11
districten,11,10
controleren,11,10
verloor,11,11
uitbreiding,11,11
militairen,11,10
berouw,11,10
voorwerpen,11,9
analyses,11,7
voedsel,11,11
gelukkig,11,11
cultural,11,9
national,11,11
identificatie,11,8
oprichter,11,11
amster,11,11
bekleedde,11,9
vrijwillig,11,9
ontworpen,11,11
factoren,11,11
afschaffen,11,10
redenering,11,10
moeijelijk,11,10
zomaar,11,11
pakket,11,10
smet,11,10
abn,11,9
amro,11,9
vergelijkbaar,11,11
vervoer,11,11
veerkracht,11,11
campagne,11,11
verenigd,11,11
prioriteit,11,11
gesteund,11,11
voortaan,11,9
verzekeren,11,10
bijgedragen,11,11
regel,11,11
geproduceerde,11,11
bescheiden,11,11
zeggenschap,11,11
allereerst,11,11
zelfstandige,11,11
gelet,11,11
gestuurd,11,11
isaac,11,10
protesten,11,9
herhaling,11,10
rechters,11,6
correspondentie,11,10
zeventien,11,11
overlijden,11,11
universitair,11,11
rode,11,9
vergt,11,10
oorspronkelijk,11,11
keerden,11,11
spelers,11,6
herendiensten,11,10
eeuws,11,9
instructies,11,11
opbrengst,11,10
koos,11,11
uitleg,11,11
val,11,11
aanvang,11,11
onderhoud,11,11
kas,11,10
alternatief,11,11
concreet,11,11
pleit,11,11
volken,11,11
gedachten,11,11
elementen,11,11
indonesia,11,10
gekleurde,11,11
gedicht,11,9
kunstenaar,11,9
rutgers,11,8
bel,11,10
belangrijker,11,11
beoordeeld,11,11
materieel,11,11
rassen,11,7
historiografie,11,8
verstaan,11,11
antwerpse,11,7
jeroen,11,11
meisjes,11,10
komaf,11,10
catharina,11,7
gestraft,11,11
overeenkomst,11,10
suikerriet,11,8
makkelijker,11,10
san,11,7
vergelijken,11,10
overige,11,11
interculturele,11,8
fel,11,11
para,11,7
westen,11,9
toename,11,11
berekend,11,11
vernoemd,11,10
deur,11,10
bos,11,11
continu,11,10
functionarissen,11,11
noemde,11,10
onderhandelingen,11,11
bedrijfsleven,11,10
mosterman,11,11
resistance,11,11
vakken,11,10
joyce,11,9
gewijd,11,10
afgenomen,11,9
lukte,11,11
usselincx,11,9
krachtig,11,11
verspreiden,11,10
verdacht,11,10
ministeries,11,10
vereist,11,10
ekama,11,10
genaamd,11,11
naartoe,11,10
nogal,11,11
durban,11,8
waard,11,11
dwingen,11,11
interesse,11,11
geugten,11,8
docenten,11,9
uitgevers,11,11
klas,11,9
bewindspersonen,11,7
oosterpark,11,10
aangemerkt,11,11
gerhard,11,8
guinea,11,9
interacties,11,11
geleerd,11,11
sluit,11,11
scheppen,11,10
predikanten,11,9
zending,11,8
begint,11,10
erger,11,9
vaderlandse,11,11
jacobus,11,10
gerelateerde,11,10
pauw,11,8
bevinden,11,11
histoire,11,7
concludeert,11,10
winstuitkeringen,11,7
bijeenkomst,11,10
toenmalig,11,11
tabel,11,9
reguliere,11,7
opnemen,11,11
bevoegdheid,11,11
wilhelmina,11,11
bemoeienis,11,11
onzichtbaar,11,9
wijntuin,11,8
procedures,11,11
bovenbouw,11,9
markus,11,10
lezing,11,8
case,11,11
beyond,11,11
scan,11,7
geïnterviewd,11,7
princeton,11,7
suggesties,11,10
heydenen,11,10
countries,11,9
economic,11,8
blom,11,5
utrechter,11,10
opgegroeid,11,10
citaat,11,11
ingezetenen,11,10
public,11,10
emoties,11,11
mondiale,11,10
16e,11,10
niks,11,10
aangepakt,11,10
ntr,11,8
bezoekers,11,9
instellen,11,10
stereotyperingen,11,9
klacht,11,8
hoek,11,11
duren,11,10
bespreekbaar,11,10
opmerking,11,10
drage,11,10
celebes,11,10
kheden,11,11
eigenl,11,10
tori,11,6
wandelgids,11,11
buitenhuizen,11,7
tevreden,11,11
namel,11,11
christiaan,11,11
locatie,11,9
ongel,11,11
onbedoeld,11,10
zuylens,11,6
louis,11,9
afkeer,11,11
genieten,11,10
genegeerd,11,10
hooks,11,7
aanmerking,11,10
theory,11,10
macnack,11,6
leroy,11,9
overgelaten,11,10
heinsius,11,6
thesis,11,10
fr,11,9
erkenningswet,11,9
handelsblad,11,10
apology,11,7
politicus,11,11
selecteren,11,9
knelpunten,11,11
parool,11,9
coördinator,11,8
effectiviteit,11,11
adviseert,11,8
voorthuysen,11,6
voorgestelde,11,11
millioen,11,6
kandidaat,11,8
tokenisme,11,6
beleidsmakers,11,10
transformative,10,10
privé,10,9
kanten,10,10
chinezen,10,10
creoolse,10,10
opgeleverd,10,10
doorwerkt,10,10
opgevat,10,10
overheidsinstanties,10,10
heerst,10,10
inter,10,10
liederen,10,8
gedichten,10,10
bali,10,10
bevrijd,10,10
plakkaat,10,7
ellen,10,8
klinkers,10,8
volgden,10,10
lijnen,10,10
machthebbers,10,9
francis,10,10
expedities,10,9
driehonderd,10,10
ongekende,10,10
geworven,10,7
introductie,10,10
eenheid,10,10
verordeningen,10,10
marechaussee,10,9
instroom,10,8
geschikte,10,10
gekoloniseerden,10,8
benaderen,10,9
michel,10,10
zienswijze,10,10
antropologie,10,8
dorpen,10,8
enig,10,10
sneller,10,10
enslavement,10,10
slavenhandelaar,10,10
vervoerden,10,10
wettig,10,9
amendementen,10,7
compenseren,10,9
gevolge,10,10
beginselen,10,9
moge,10,10
ning,10,9
achterstelling,10,10
volwaardige,10,10
grondig,10,10
vreede,10,8
stuurde,10,10
wijziging,10,9
adres,10,10
verzoekschrift,10,7
slaagde,10,10
siwpersad,10,9
publiekelijk,10,10
betoogde,10,10
staatkundige,10,9
gewesten,10,8
populatie,10,9
slavenhalers,10,9
dieper,10,10
verklaart,10,10
aziaten,10,9
chattel,10,8
geuit,10,10
extreem,10,10
inzake,10,8
offers,10,8
slavenschip,10,9
paste,10,10
gedeeltelijk,10,10
oudere,10,10
uitgeoefend,10,9
eindelijk,10,10
plantagesector,10,8
zuiden,10,10
voortzetting,10,10
ties,10,10
opzetten,10,10
negros,10,10
aangelegd,10,10
aangewezen,10,10
denigrerende,10,8
gecompenseerd,10,9
thee,10,9
meende,10,9
krachten,10,10
vluchten,10,10
dicht,10,10
voorkwam,10,9
batig,10,9
adel,10,8
profiteerden,10,10
anne,10,10
innen,10,10
eenzelfde,10,10
jakarta,10,10
zeevarende,10,5
constante,10,9
uitgave,10,8
jurist,10,10
schrijvers,10,8
bruine,10,9
mees,10,9
praktische,10,10
terreinen,10,10
afbeelding,10,9
aanvullende,10,10
speciale,10,10
valika,10,9
wijst,10,9
aangehouden,10,10
interpretatie,10,9
beleving,10,10
ontstaat,10,10
paragraaf,10,9
bepalend,10,10
rechtszaken,10,9
inziens,10,10
zochten,10,10
wereldbeeld,10,8
abstracte,10,10
kerkelijke,10,8
herhaald,10,9
lading,10,9
opgesteld,10,10
voortgekomen,10,10
exclusieve,10,8
raakten,10,10
zorgden,10,10
danken,10,10
hout,10,9
gezinnen,10,10
integriteit,10,9
akte,10,10
plantagekolonie,10,10
coronie,10,6
individueel,10,10
wederom,10,10
marjoleine,10,10
aanbod,10,10
waartoe,10,10
gevangengenomen,10,10
zondag,10,9
bezoeken,10,9
vluchtelingen,10,8
diplomatieke,10,8
briefwisseling,10,9
inhoudelijke,10,10
zomer,10,8
petrus,10,9
nederzetting,10,8
hartog,10,9
gids,10,10
onschuldig,10,7
da,10,10
diplomaten,10,9
halverwege,10,10
ex,10,10
leiders,10,10
eén,10,9
commercie,10,10
heldere,10,9
gestart,10,10
kate,10,10
daniel,10,10
vrijburgers,10,7
detail,10,10
organiseerde,10,10
cali,10,6
privileges,10,10
pasop,10,7
wapens,10,7
schepenen,10,8
handelaar,10,10
opgepakt,10,9
uitgeroepen,10,10
aanbeveling,10,10
hagen,10,9
rechtvaardige,10,10
wetenschappen,10,10
pvda,10,7
belemmeringen,10,9
republic,10,9
ca,10,9
monde,10,9
tafereel,10,9
oplossing,10,10
onduidelijk,10,10
women,10,10
pa,10,9
beschouwing,10,10
duitsland,10,9
broeders,10,9
zendelingen,10,5
speech,10,10
kwetsbare,10,9
harder,10,9
schatting,10,9
verbanden,10,8
gennep,10,10
carel,10,9
alsnog,10,10
doorwerken,10,10
indirecte,10,9
con,10,10
impliciet,10,10
gemeenteraad,10,9
bovengenoemde,10,10
constateren,10,9
index,10,8
enslaved,10,7
slavenemancipatie,10,9
joost,10,8
capitalism,10,8
au,10,8
bram,10,10
eighteenth,10,10
micro,10,6
janneke,10,10
stegeman,10,10
kampen,10,10
ng,10,6
andries,10,8
hana,10,7
ruime,10,10
integendeel,10,10
held,10,9
mijns,10,10
multiculturele,10,10
minderheden,10,6
meegemaakt,10,10
genoegdoening,10,10
politiegeweld,10,10
uur,10,7
rechtsbescherming,10,6
welkom,10,9
jr,10,9
ondersteunde,10,10
pijnlijk,10,10
verlichting,10,7
signalen,10,8
zuidel,10,7
begraven,10,8
afhankel,10,10
legacy,10,9
zondere,10,9
françois,10,10
aflossing,10,6
raffinader,10,6
lucasbolwerk,10,10
moeil,10,10
siti,10,6
ze,10,9
ch,10,9
gerbner,10,7
patriotten,10,5
teleurgesteld,10,10
rueb,10,7
imago,10,10
subtiel,10,6
afgewezen,10,10
vroedschapslid,10,7
confrontatie,10,9
langere,10,9
nj,10,9
quinsy,10,10
cas,10,5
evenementen,10,10
scotty,10,7
speel,10,7
botman,10,8
onnekink,10,10
he,10,7
stage,10,8
voortgang,10,8
tegenwoordige,10,10
ambities,10,9
eenig,10,10
beschuldigd,10,7
ollongren,10,8
vrijblijvendheid,10,8
wetboek,10,5
belavusau,10,7
available,10,5
kenniscentrum,10,9
beoogt,10,10
01,10,5
day,10,7
impliciete,10,9
implicaties,10,10
lazare,10,5
monitor,10,9
psychology,10,9
sedert,10,9
ombudsman,10,8
voorzieningen,10,10
overweging,10,9
spoedig,10,9
stas,10,6
bijleveld,10,6
nolthenius,10,9
bieberstein,10,7
verbeteringen,10,10
geneigd,10,10
sollicitatiegesprekken,10,6
competenties,10,8
onbewuste,10,9
doorlichting,10,8
werkprocessen,10,9
doorlichtingsproces,10,6
postkoloniaal,9,9
verbindingen,9,9
gebruikelijk,9,9
verdriet,9,7
extern,9,6
wortels,9,9
blanke,9,8
vijfde,9,8
hiërarchische,9,9
familiegeschiedenis,9,8
geografische,9,8
feestdag,9,8
wezenlijk,9,9
zoektocht,9,9
discours,9,9
herinneringen,9,7
bewijs,9,8
schrift,9,9
vastleggen,9,8
manifesteert,9,9
oral,9,9
digitaal,9,9
twijfelen,9,9
filips,9,6
transitie,9,7
bemanning,9,7
opgesloten,9,9
verplichte,9,9
registratie,9,7
invoer,9,9
gekenmerkt,9,9
aangemoedigd,9,8
bevol,9,9
vrijwillige,9,9
trok,9,9
regime,9,8
degene,9,9
ondertekend,9,9
troepen,9,9
opgeroepen,9,9
samenhang,9,9
onvrijheid,9,8
waardevol,9,9
golden,9,8
geholpen,9,9
slavenhouder,9,9
bedacht,9,9
bestuurd,9,9
miljoenen,9,9
wer,9,9
seksueel,9,8
daalde,9,9
vullen,9,9
adviseerde,9,9
startte,9,9
intimidatie,9,9
gedrukt,9,9
toegankelijke,9,9
gereageerd,9,9
helaas,9,9
wrede,9,8
schillende,9,9
oprichten,9,9
lauren,9,9
lauret,9,9
kolonia,9,9
knaw,9,9
omgegaan,9,8
erover,9,8
accepteren,9,9
leefde,9,8
grondwetsherziening,9,9
zolang,9,8
slag,9,9
vaandel,9,8
stempel,9,9
departement,9,9
ongeacht,9,9
verworven,9,9
onvrede,9,9
brauw,9,7
verrichtten,9,9
tekort,9,9
feitelijk,9,9
veertien,9,9
vijftiende,9,6
uitoefenen,9,9
zijde,9,9
honger,9,9
terechtkwamen,9,7
ontmenselijking,9,8
gaten,9,9
opzichten,9,9
voorganger,9,9
braziliaanse,9,7
moucheron,9,5
model,9,8
investering,9,9
achterland,9,9
crisis,9,8
insinger,9,7
verdwenen,9,9
wiens,9,9
agressieve,9,7
imperialisme,9,8
daendels,9,8
verschilden,9,9
planten,9,9
dienstbaar,9,9
nota,9,9
vertegenwoordigen,9,9
rapportage,9,8
geleverd,9,9
vertegenwoordiging,9,9
geboden,9,9
klassen,9,9
route,9,9
geschat,9,7
albert,9,8
literaturen,9,5
mond,9,9
hollanders,9,8
religieus,9,8
voegen,9,9
bonairianen,9,5
product,9,9
roots,9,9
verwoord,9,9
word,9,7
henry,9,8
spiegel,9,8
jongere,9,9
verkeerde,9,9
vlekken,9,9
elmer,9,7
moor,9,7
woningen,9,8
continuïteit,9,8
donkere,9,8
genot,9,9
gelijkwaardigheid,9,9
friesland,9,8
terugkeren,9,9
beslissing,9,9
verlenging,9,7
gekend,9,9
varen,9,9
som,9,9
marie,9,8
navolging,9,9
aparte,9,9
kanalen,9,8
jamaica,9,9
gebroken,9,9
communicatie,9,9
opgedaan,9,9
verklaringen,9,9
wor,9,9
telde,9,8
voorziening,9,7
rivieren,9,9
drijven,9,8
verbond,9,9
verwerken,9,9
volwassen,9,9
kost,9,8
ad,9,9
spanjaarden,9,6
betaling,9,9
aangelegenheid,9,8
burgeroorlog,9,9
eerdergenoemde,9,9
sindsdien,9,9
werven,9,7
hein,9,7
kers,9,9
actoren,9,8
havensteden,9,9
deelgenomen,9,9
beslissen,9,9
toonden,9,9
japanse,9,5
faculteit,9,9
asia,9,9
betekenisvolle,9,9
kaapstad,9,8
consensus,9,8
bomen,9,6
wouter,9,8
ting,9,9
vermeende,9,8
meesten,9,9
gewoond,9,9
malabar,9,5
alicia,9,9
schrikker,9,9
buitenzorg,9,6
conferentie,9,8
knaap,9,8
percentage,9,6
aanwijzingen,9,9
haast,9,9
telg,9,9
jongens,9,9
greep,9,9
instrumenten,9,9
pijnlijke,9,7
arthur,9,8
strategische,9,9
uitoefening,9,9
resoluties,9,7
invulling,9,9
bladzijde,9,9
betreffen,9,8
vlaamse,9,7
gemeentelijke,9,8
innemen,9,9
protestants,9,9
filosofie,9,7
partner,9,8
kwaliteit,9,9
beantwoorden,9,9
calvinisme,9,9
mey,9,7
dominee,9,6
broers,9,6
dimensies,9,7
lambertus,9,8
gods,9,8
leusden,9,7
merve,9,8
tosun,9,8
dynamiek,9,8
geef,9,9
beschrijft,9,8
pleitte,9,9
zichtbare,9,8
koningin,9,9
mooi,9,9
inhoudelijk,9,9
gezondheidszorg,9,8
overnemen,9,9
droeg,9,9
doelstellingen,9,7
tragiek,9,9
geschiedeniswerkplaats,9,5
emmer,9,9
postcolonial,9,7
rights,9,9
general,9,8
statement,9,9
paula,9,8
power,9,9
noot,9,9
richard,9,9
hooge,9,8
fundashon,9,7
william,9,9
africa,9,9
low,9,8
aa,9,7
caraïben,9,9
educatief,9,9
digital,9,7
nm,9,8
voorschriften,9,8
dikwijls,9,8
ne,9,9
positief,9,9
live,9,8
voortzetten,9,8
herstelmaatregelen,9,6
simone,9,9
caraïbisch,9,8
raden,9,9
deutz,9,7
discrimineren,9,9
oorspronkel,9,9
commandeur,9,9
vers,9,9
kosmopolis,9,9
buitenhuis,9,6
beleggingen,9,6
doelstelling,9,7
pamflet,9,5
domeinen,9,9
geroepen,9,9
zwitserland,9,9
tegel,9,9
frankr,9,9
hoeufft,9,5
contraremonstranten,9,6
vergel,9,7
voelde,9,9
apprenticeship,9,7
roestam,9,6
enz,9,7
super,9,5
uitgangspunt,9,9
howard,9,8
vooraf,9,9
natalja,9,6
aanpakken,9,8
anthonie,9,6
jeremias,9,7
antonio,9,8
nadeel,9,9
boudaen,9,5
misdrijf,9,8
ingegaan,9,9
loi,9,6
schema,9,8
esclavage,9,6
ernst,9,9
veronderstellen,9,9
jouw,9,9
uitzendbureaus,9,5
queer,9,6
kozp,9,5
bedoelingen,9,9
kwaliteiten,9,7
implementeren,9,8
respectvolle,9,8
afwijzing,9,8
kabinetten,9,6
grapperhaus,9,5
wenschelijk,9,8
offer,9,5
voorgedragen,9,9
geschieden,9,9
lsten,9,7
voordragt,9,8
zoude,9,7
gorinchem,9,9
raadt,9,8
verminderd,9,9
wetsontwerp,9,9
gaarne,9,9
staatsregeling,9,6
kwalitatieve,9,7
marokkaanse,9,6
meldingsbereidheid,9,8
discri,9,8
proactieve,9,5
projectteams,9,5
lhbtqia,9,6
overgang,8,8
gediscrimineerd,8,8
emigratie,8,7
tegenstellingen,8,8
probeert,8,7
achtergelaten,8,7
rechtsherstel,8,6
voelden,8,8
telkens,8,8
dader,8,8
bevestigen,8,8
geschied,8,8
bovenwindse,8,8
brenneker,8,5
antoin,8,5
gedigitaliseerd,8,8
kaarten,8,8
historie,8,7
serie,8,8
overwegend,8,8
uiterlijke,8,7
prominent,8,7
mogendheid,8,8
pad,8,8
luitenant,8,8
cuba,8,8
espersen,8,7
verplaatsing,8,8
vernij,8,8
uitbetaald,8,8
china,8,8
aanpassingen,8,8
koningshuis,8,8
moederland,8,8
veroordelen,8,8
teken,8,8
decennialang,8,8
moties,8,5
ondergeschikte,8,8
wier,8,8
soorten,8,8
nis,8,8
biologische,8,6
uitdaging,8,7
betrok,8,8
richtlijnen,8,8
statia,8,5
committee,8,7
socioloog,8,8
veroverd,8,8
sporten,8,6
zeelieden,8,7
tienduizenden,8,8
daartegen,8,8
eenduidig,8,8
behield,8,8
betaalde,8,8
onderbouwing,8,8
goedgekeurd,8,7
overlaten,8,7
afzonderlijke,8,8
landers,8,8
landgoederen,8,7
superieur,8,8
enkeling,8,8
vergoedingen,8,8
indigo,8,7
handelshuizen,8,7
wetsvoorstel,8,8
gediend,8,8
herzien,8,8
overtuigen,8,8
hoezeer,8,8
handelde,8,8
aangevuld,8,8
alternatieve,8,7
sinterklaas,8,7
maal,8,7
werkgever,8,8
letter,8,8
netscher,8,8
onverschillig,8,7
loopbaan,8,8
niettemin,8,8
bedreiging,8,8
absolute,8,8
verwikkeld,8,8
omvangrijke,8,8
gedreven,8,8
bevond,8,8
tropen,8,8
dringend,8,8
overgedragen,8,8
bevoegd,8,8
suri,8,8
tezamen,8,8
genoodzaakt,8,8
register,8,7
controles,8,5
vaders,8,8
burgerlijke,8,6
uiteindelijke,8,8
verdiende,8,8
east,8,8
participanten,8,7
oldenbarnevelt,8,5
dividenden,8,7
inrichting,8,7
continent,8,8
geïntegreerd,8,8
arbeids,8,8
bouwde,8,8
ambtelijke,8,6
immateriële,8,8
makkelijk,8,8
reikwijdte,8,8
teelt,8,7
levering,8,8
prikkel,8,5
voorname,8,7
gemakkelijk,8,8
nagenoeg,8,7
cacao,8,7
winstgevend,8,8
veroveringen,8,7
textiel,8,8
erbij,8,8
voorstanders,8,7
aanhangers,8,8
aandeelhouder,8,7
verscheept,8,8
sancties,8,6
gerechtvaardigd,8,8
kempen,8,8
benedenwindse,8,6
verwierf,8,8
psychologisch,8,7
geprobeerd,8,8
kunstenaars,8,8
verwerven,8,8
papiamentu,8,7
dis,8,8
bevolkingsgroep,8,7
multiperspectiviteit,8,8
schoenen,8,7
bijbehorende,8,8
ideologie,8,7
landschap,8,7
presenteren,8,8
legitimatie,8,7
moren,8,7
oogen,8,6
domingue,8,7
verwijst,8,8
object,8,8
inspectie,8,6
reisden,8,8
jacoba,8,8
aangelegenheden,8,8
koopwaar,8,8
strenge,8,8
verhandelen,8,8
continue,8,8
berichten,8,7
opeisen,8,8
inheemsen,8,8
arawakken,8,5
breda,8,8
energie,8,8
moed,8,8
stam,8,6
handhaven,8,7
bewezen,8,8
straten,8,8
grondgebied,8,6
voorheen,8,8
balthasar,8,8
invloedrijke,8,8
breiden,8,8
constant,8,7
veld,8,7
kwaad,8,8
resulteerde,8,8
grootschalig,8,7
ernaar,8,8
betrek,8,7
vaart,8,7
vertegenwoordigden,8,8
herinnerd,8,8
halve,8,8
verleend,8,8
são,8,8
oppositie,8,8
bezighouden,8,8
expositie,8,8
indian,8,8
erik,8,8
pernambuco,8,6
beargumenteerde,8,8
siegen,8,8
evenzeer,8,7
verbazing,8,8
mer,8,8
leert,8,8
ondervonden,8,8
bossenbroek,8,6
inbreng,8,8
bondage,8,7
towards,8,7
symbool,8,8
brak,8,7
khoikhoi,8,6
verloop,8,8
kasteel,8,8
revolutionaire,8,7
nigel,8,6
substantieel,8,8
mrauk,8,5
behoeft,8,8
coromandel,8,6
herhaaldelijk,8,8
christen,8,8
vijfentwintig,8,8
islam,8,7
sturen,8,8
meermaals,8,8
histories,8,8
commerciële,8,8
people,8,8
uitgaan,8,8
expansiepolitiek,8,8
evenwel,8,8
verzameling,8,8
vloot,8,7
marine,8,6
belgië,8,8
reisde,8,8
aangetrokken,8,6
duitse,8,8
tolerantie,8,7
desalniettemin,8,8
vermelden,8,8
jacques,8,8
washington,8,7
verstrengeling,8,8
uitdagingen,8,7
verscheidene,8,8
overtuigingen,8,6
moravische,8,6
geestelijke,8,7
eenzijdig,8,7
imperial,8,6
wonden,8,8
ontwikkelt,8,7
anderhalf,8,8
verschoven,8,8
noodzakelijke,8,8
wijck,8,6
omgerekend,8,7
eva,8,8
aboutaleb,8,5
regentenfamilies,8,8
ongelijkheden,8,7
parijs,8,8
admiraal,8,8
helen,8,8
betekenen,8,7
tant,8,7
geheime,8,7
huidig,8,8
activist,8,7
achternaam,8,7
bekeken,8,8
uitte,8,8
oprecht,8,8
regelingen,8,8
grondslagen,8,8
verdeling,8,6
peggy,8,8
zeiden,8,8
luisteren,8,7
vervolg,8,8
eenvandaag,8,8
staatscourant,8,5
basisonderwijs,8,8
vmbo,8,7
assen,8,7
edu,8,8
medewerking,8,8
grassroots,8,8
introduction,8,8
identity,8,6
comparative,8,8
drukt,8,7
guide,8,7
peter,8,8
indies,8,8
duplicaten,8,5
heijer,8,7
racial,8,8
demerary,8,6
borderless,8,7
geelen,8,7
inventaris,8,7
editie,8,8
evert,8,7
community,8,7
hoor,8,7
memorie,8,7
th,8,8
slo,8,5
sk,8,5
educatieve,8,8
apart,8,8
stierf,8,8
eurocentrisch,8,8
arubaanse,8,7
achterstand,8,8
minimaal,8,8
verwante,8,8
hardnekkig,8,8
samenwerken,8,8
verwijderd,8,8
wél,8,8
verdiend,8,7
hangen,8,8
rembrandt,8,5
klinkt,8,8
noemden,8,8
amersfoort,8,6
anthony,8,8
denkers,8,7
stereotypen,8,8
uncle,8,6
negerhut,8,7
heet,8,8
onrechtvaardige,8,6
woont,8,8
eerherstel,8,7
adell,8,8
domstad,8,8
noordel,8,7
verbl,8,8
minnaert,8,8
onafhankel,8,8
zuilen,8,8
hofstede,8,5
zwager,8,8
cornelia,8,6
gravesande,8,8
administrateur,8,8
blind,8,7
intensief,8,8
gunstig,8,8
echtgenoot,8,6
dagel,8,6
zingen,8,7
gruwelen,8,8
geïnspireerd,8,8
diederik,8,7
onlangs,8,8
dordt,8,6
remonstranten,8,7
calvinisten,8,8
raadpensionaris,8,5
haat,8,8
hetwelk,8,6
behooren,8,7
fster,8,7
suikerraffinader,8,5
tenslotte,8,8
ans,8,8
veltman,8,8
vriendin,8,8
aardenburg,8,6
bevr,8,8
ernstige,8,7
onmogel,8,8
enigszins,8,8
aangeeft,8,7
algemeene,8,8
camera,8,5
quint,8,6
doorlopen,8,8
wilhelm,8,8
tribune,8,7
opleidingen,8,8
zoodat,8,7
ondersteunt,8,8
fout,8,7
huisvesting,8,7
dwaasheid,8,7
falck,8,8
articles,8,6
herkend,8,6
grap,8,5
begeleiding,8,7
getroffen,8,8
plataforma,8,6
rijksministerraad,8,7
achten,8,7
zeg,8,8
instemmen,8,7
uladzislau,8,5
onzekerheid,8,7
humanité,8,7
cijntje,8,5
desbetreffende,8,8
stereotype,8,7
kennisplatform,8,7
slavenmakers,8,8
gebeurtenis,8,8
communiceren,8,6
marrus,8,7
systemisch,8,7
antidiscriminatie,8,6
kis,8,8
vooroordeel,8,6
departementen,8,7
voetbal,8,6
knvb,8,5
woningmarkt,8,8
wegnemen,8,8
staatssecretaris,8,7
onderstaand,8,7
quaestie,8,7
verlangt,8,8
magt,8,5
zedelijk,8,8
uhlenbeck,8,7
aanneming,8,8
bosschen,8,7
alblas,8,5
hugenholtz,8,5
thorbeckiaan,8,7
pragmatisch,8,7
verkeeren,8,7
ij,8,7
waarborg,8,8
zijn,8,7
binnenkomen,8,8
islamofobie,8,7
patiënten,8,5
uitstroming,8,8
allochtoon,8,5
ervaart,8,8
overcompensatie,8,6
managers,8,7
training,8,6
stereotypering,8,7
dienstverleningsproces,8,5
projectteam,8,5
privilege,8,8
seerde,7,7
heerste,7,7
probeer,7,7
aanvoeren,7,7
aanloop,7,7
uiterst,7,7
vergezeld,7,7
toneel,7,7
doorgegeven,7,7
geluid,7,5
one,7,5
ziel,7,6
klaar,7,6
machten,7,7
domingo,7,6
deense,7,6
ryan,7,6
falen,7,7
eiste,7,7
stopte,7,7
katholicisme,7,7
verhandelde,7,7
diepgewortelde,7,7
barrières,7,7
ingenomen,7,7
opbouwen,7,7
grens,7,6
registreren,7,6
planter,7,7
civiel,7,6
indonesiërs,7,7
rangen,7,6
discipline,7,7
ideaal,7,6
opmerkelijk,7,7
voorafgegaan,7,7
michael,7,6
mobiliteit,7,7
lende,7,7
marrongemeenschappen,7,6
james,7,7
voorop,7,7
aankwamen,7,7
legaal,7,7
vervoeren,7,7
gebruikten,7,6
vierhonderd,7,7
kostte,7,7
invasie,7,6
bevestigde,7,7
vroegen,7,7
overheidswege,7,7
parlementslid,7,7
beloofde,7,7
verschillend,7,7
redelijke,7,7
provinciaal,7,7
heling,7,6
tropische,7,7
nwo,7,6
bewaren,7,7
nadelige,7,6
kennelijk,7,7
accijnzen,7,7
slaagden,7,7
herziening,7,7
prijzen,7,6
emancipatiewet,7,6
verreweg,7,6
standpunten,7,7
kapitalisme,7,7
bevraagd,7,7
arbeidskrachten,7,7
zoolang,7,7
motieven,7,7
scheepvaart,7,7
gaandeweg,7,7
slaventransporten,7,7
plaatsvonden,7,7
schattingen,7,6
atjeh,7,6
zodra,7,7
bestemming,7,7
voltooid,7,7
gedefinieerd,7,7
kenmerkend,7,7
vormgeving,7,6
bestraft,7,7
dienste,7,6
vertrekken,7,6
link,7,7
herkenbaar,7,7
eraan,7,7
beschouwden,7,7
ingetrokken,7,7
teruggekeerd,7,7
reinier,7,7
geregistreerd,7,7
radboud,7,7
uitzonderlijk,7,7
stichten,7,6
deelnemen,7,7
bijeen,7,7
traditioneel,7,7
huygens,7,7
wereldeconomie,7,7
drempel,7,7
nootmuskaat,7,7
optie,7,5
kapitaalkrachtige,7,6
verschoof,7,7
claim,7,5
huwelijk,7,7
corvee,7,7
begrippen,7,7
hanteren,7,7
felle,7,7
details,7,7
beschreef,7,7
kring,7,6
alsmede,7,7
overgrote,7,7
opgelegde,7,7
zogenaamd,7,7
noordelijke,7,7
gesticht,7,6
opgedragen,7,6
opgave,7,7
bezocht,7,7
opium,7,6
baten,7,7
verwijzen,7,7
hangt,7,7
onderwerping,7,6
tegemoet,7,7
biografie,7,6
poëzie,7,7
duits,7,7
taalpolitiek,7,6
assimilatie,7,7
tuur,7,7
volkstalen,7,5
literaire,7,6
iris,7,6
hugo,7,7
schouten,7,6
tamelijk,7,7
antikoloniale,7,6
koers,7,6
dominant,7,7
narratives,7,7
rené,7,7
rosalia,7,6
vormgegeven,7,7
schilderijen,7,7
waardig,7,7
sprekend,7,7
visies,7,7
verdedigen,7,7
ondergaan,7,7
verkennen,7,7
belichten,7,7
bekijken,7,7
verspreid,7,6
seksualiteit,7,7
schat,7,7
verbeeld,7,7
openen,7,7
tus,7,7
indeling,7,7
wording,7,7
schiereiland,7,5
zing,7,7
bijbel,7,6
dominantie,7,7
hoogstraten,7,6
christelijk,7,7
oudsher,7,7
testament,7,7
verwerkt,7,7
glazen,7,6
ondergeschikt,7,7
oproepen,7,7
plaatste,7,7
verhoudt,7,7
daad,7,7
plantagekoloniën,7,7
bevestigt,7,7
gerichte,7,7
transformatie,7,7
voorlopig,7,7
stukje,7,7
shon,7,5
verbleven,7,7
drang,7,6
westelijk,7,7
opstandelingen,7,6
venezuela,7,6
gevluchte,7,7
plantagehouder,7,7
motivatie,7,7
hielp,7,7
verkleinen,7,6
dubbele,7,7
ta,7,5
realisatie,7,7
interventie,7,7
uitgestrekte,7,7
adviseur,7,7
schappen,7,7
regelt,7,7
ongetwijfeld,7,7
geïntroduceerd,7,7
afgevaardigden,7,7
verhouden,7,7
oefenen,7,6
instanties,7,7
veranderden,7,7
afnam,7,7
keken,7,7
volwassenen,7,6
gevaarlijke,7,6
nergens,7,7
opening,7,7
afgespeeld,7,7
bezien,7,7
voorzag,7,6
netherland,7,5
institute,7,6
manhattan,7,6
bekendste,7,7
vechten,7,7
hervormde,7,7
dachten,7,7
moord,7,6
betaalden,7,7
indicatie,7,7
ziek,7,7
eurocentrische,7,7
goodfriend,7,5
city,7,6
nicole,7,7
locaties,7,7
nagedacht,7,7
luanda,7,5
tegenstanders,7,7
teit,7,7
rendabel,7,7
henriquez,7,7
daarbuiten,7,7
wereldgeschiedenis,7,7
humanitaire,7,7
machtige,7,7
opgebouwd,7,7
avond,7,6
zweep,7,6
fungeerde,7,6
france,7,7
bay,7,7
kaapse,7,7
wijdverbreid,7,6
boxtel,7,6
omgekeerd,7,7
onmisbaar,7,7
directeuren,7,7
getiteld,7,7
coromandelkust,7,6
malabarkust,7,6
onderschatten,7,7
fundamenteel,7,7
privéhandel,7,6
kaste,7,5
bevestigd,7,7
erachter,7,7
gaande,7,7
opgemaakt,7,7
gehandeld,7,7
boot,7,7
behorende,7,7
onderzoeksprogramma,7,7
presentatie,7,6
ondersteunende,7,7
verwijzingen,7,6
handelaars,7,7
afschafte,7,7
paus,7,5
miguel,7,7
spil,7,7
borgen,7,6
indienen,7,6
taiwan,7,6
verzoeken,7,7
bleken,7,7
medisch,7,7
dieren,7,5
dilemma,7,7
werelddelen,7,7
martijn,7,7
theologische,7,6
christendoms,7,5
kals,7,7
lichamelijke,7,7
handelingen,7,7
bedreven,7,7
toeval,7,7
bevragen,7,7
prinsen,7,6
verdiensten,7,7
witteveen,7,7
administratie,7,6
nations,7,7
wo,7,7
biekman,7,5
begrijp,7,6
weinigen,7,7
beladen,7,7
urgentie,7,6
bijzijn,7,7
agenderen,7,7
versus,7,7
wijs,7,7
elkaars,7,6
mishandeling,7,7
verenigingen,7,6
papoea,7,7
voelbaar,7,7
gemeenteraadslid,7,7
innocence,7,7
colonialism,7,7
youtube,7,7
sungur,7,6
onderbouw,7,5
rooy,7,6
leo,7,7
arie,7,6
beckles,7,6
roofbouw,7,7
broek,7,7
control,7,7
island,7,7
mass,7,7
gelderblom,7,7
amstelodamum,7,6
view,7,6
boston,7,7
indie,7,7
els,7,6
vertaling,7,7
zijlstra,7,5
aux,7,5
tseg,7,6
daadwerkelijke,7,7
straatnamen,7,6
starten,7,7
library,7,6
geheugen,7,7
tekening,7,7
philip,7,7
polarisatie,7,5
functioneert,7,7
text,7,6
vensters,7,5
inspanningen,7,7
geschetst,7,7
behandelt,7,7
gevierd,7,6
lerarenopleidingen,7,5
alsook,7,6
vreemd,7,7
volwaardig,7,7
uiteen,7,7
ana,7,7
lamur,7,5
margaretha,7,7
vestigingen,7,6
pakhuis,7,7
gehandhaafd,7,7
gevoelige,7,7
hoorden,7,7
petersen,7,5
witsen,7,6
getrouwd,7,6
verhuisde,7,7
hoëvell,7,5
gruwel,7,7
moraal,7,7
ingang,7,6
vlugten,7,7
wethouder,7,6
collective,7,7
noodzakel,7,7
aanvulling,7,6
omvangr,7,7
verkennende,7,7
daarb,7,7
echtpaar,7,7
een,7,7
eenkomsten,7,6
overgeslagen,7,6
kdom,7,6
winter,7,7
heerl,7,6
maarsseveen,7,5
blokland,7,6
aantrekkel,7,7
gt,7,7
uitgesteld,7,6
vermoedel,7,7
onderkoopman,7,7
lating,7,5
vrouwenstudies,7,5
kert,7,7
suite,7,6
percentages,7,5
solte,7,5
gresser,7,5
gedachtegoed,7,7
sch,7,7
pr,7,6
essay,7,7
ideale,7,6
drift,7,7
antislavern,7,6
voordelen,7,6
may,7,6
bewuste,7,6
schets,7,7
gezant,7,6
poeze,7,7
democratisch,7,7
fascisme,7,6
zulk,7,7
analyseert,7,7
rudsel,7,5
opa,7,6
faciliteren,7,7
treedt,7,7
books,7,7
ho,7,7
uni,7,5
site,7,5
hoff,7,7
israel,7,6
eindhoven,7,7
overheerser,7,5
vrezen,7,7
hogeschool,7,7
theater,7,7
dbnl,7,7
concludeerde,7,7
agressief,7,7
fraude,7,7
legal,7,7
informeren,7,6
veraart,7,6
verstrekken,7,7
garantie,7,6
aanvaard,7,5
objectieve,7,6
rechtsopvolger,7,6
hassmann,7,6
excuseswet,7,6
dialoogtafels,7,6
4b,7,7
une,7,5
content,7,6
eds,7,7
bastiaan,7,5
emotioneel,7,5
usa,7,6
katibu,7,6
voordoen,7,7
handelingsverlegenheid,7,6
schadelijke,7,7
apologies,7,7
affiniteit,7,7
capaciteit,7,6
paradoxen,7,7
vervallen,7,6
order,7,6
proactief,7,7
voogd,7,7
signaleren,7,6
volksgezondheid,7,6
talenten,7,6
voortkomen,7,7
morgen,7,7
signaal,7,7
geïdentificeerd,7,7
kabinetsstandpunt,7,6
srebrenica,7,7
kummeling,7,5
informatievoorziening,7,6
jeugdzorg,7,5
hoogst,7,7
zóó,7,7
pligt,7,7
godsdienstig,7,6
misbruiken,7,6
krachtens,7,6
verpligting,7,7
manumissie,7,5
moeijelijkheden,7,5
onzer,7,6
mystificatie,7,6
wichers,7,6
verpligt,7,7
worde,7,6
totaalpakket,7,6
mogt,7,7
hunner,7,7
nu,7,7
steenwijk,7,6
waargenomen,7,7
afschaffingsplan,7,7
hechten,7,7
vrucht,7,5
diversiteitsbeleid,7,7
butter,7,6
vriendelijk,7,7
discriminerende,7,6
vertrouwelijk,7,6
schadelijk,7,6
manager,7,6
doorstroom,7,5
quota,7,6
organisatorische,7,7
risicoprofielen,7,5
opvoeders,7,7
antidiscriminatievoorzieningen,7,7
buitengewoon,6,6
narratief,6,6
slachtofferschap,6,6
opge,6,6
nasleep,6,6
ontkend,6,6
marcel,6,6
creolen,6,6
familiegeschiedenissen,6,6
daders,6,6
beseffen,6,6
breken,6,6
inferioriteit,6,6
reconstrueren,6,6
disciplines,6,5
letterlijk,6,6
bibliotheken,6,6
oudste,6,6
journalist,6,5
archiefstukken,6,5
behelst,6,6
verschaffen,6,6
demografische,6,6
winkels,6,6
vluchtpogingen,6,6
ouderen,6,5
beschikbare,6,6
vruchtbare,6,6
strafrechtelijk,6,6
solidariteit,6,6
jegens,6,6
bestudering,6,6
rothberg,6,6
subject,6,6
gelaagdheid,6,6
geschiede,6,6
aarde,6,6
practice,6,6
tachtigjarige,6,5
onlosmakelijk,6,6
benaming,6,5
oogst,6,5
creëerde,6,6
verdieping,6,6
schafte,6,6
geslagen,6,5
tegenovergestelde,6,6
gedood,6,6
bezette,6,5
veeleer,6,6
nodige,6,6
overeen,6,6
geleidelijke,6,6
afschaf,6,6
bevatte,6,6
medegedeeld,6,6
bodem,6,6
geschriften,6,6
integreren,6,6
steld,6,6
onrust,6,6
gebiedsdelen,6,6
slavenkoloniën,6,6
slavernijgerelateerde,6,6
slavenhoudende,6,6
startkapitaal,6,5
wetsvoorstellen,6,6
ste,6,6
nagelaten,6,6
veroorzaken,6,6
doelbewust,6,6
nijverleden,6,6
mackay,6,6
hooren,6,5
metropool,6,6
aangekondigd,6,6
intensivering,6,6
harvard,6,5
verbieden,6,6
marginaal,6,6
voortduren,6,6
ontbrak,6,6
geschoven,6,6
vermoedelijk,6,6
peper,6,6
geenszins,6,6
westkust,6,6
extreme,6,6
slavernijperiode,6,6
bedoelen,6,6
ashanti,6,5
vrijgekocht,6,6
portretten,6,6
constateerde,6,6
meter,6,6
vermoeden,6,6
boete,6,5
hooguit,6,6
gemengd,6,6
suikerproductie,6,6
veroorzaakte,6,5
gevaren,6,5
eenvoudiger,6,6
galen,6,6
boekhouding,6,6
verschilde,6,6
series,6,6
hoofddocent,6,6
wisselwerking,6,6
intellectuelen,6,6
rechtssysteem,6,6
verstrekte,6,6
beheerde,6,6
onderpand,6,6
afloop,6,6
ondernemer,6,6
gunste,6,6
radicaal,6,6
strategie,6,6
kleding,6,5
uniek,6,6
voorloper,6,6
profiteren,6,6
lening,6,5
bovenop,6,6
commissies,6,6
krachtige,6,6
bankiers,6,5
bereikte,6,6
merendeel,6,6
geracialiseerde,6,6
palet,6,5
bezitters,6,6
verhandelbare,6,6
ondergang,6,6
geringe,6,6
arbeidsdwang,6,5
bewerking,6,5
rijst,6,6
strekken,6,6
tevergeefs,6,6
voorstelling,6,5
knechten,6,6
hoofden,6,6
pak,6,6
levensonderhoud,6,6
belastingheffing,6,5
baar,6,6
meldde,6,6
achterwege,6,6
balans,6,6
duidt,6,6
kolonisatoren,6,5
winstgevende,6,6
staande,6,5
export,6,6
gewest,6,6
blijvend,6,6
vernieuwing,6,6
oogsten,6,6
marieke,6,6
salaris,6,5
binnenuit,6,6
verdeel,6,6
anno,6,6
evengoed,6,6
maleis,6,5
leeswijzer,6,6
gevestigde,6,6
ofwel,6,5
scholieren,6,6
dichters,6,5
otto,6,6
leefwereld,6,5
andré,6,6
trekt,6,6
varianten,6,6
populair,6,6
voorhoeve,6,6
tambú,6,5
daarbinnen,6,6
praktisch,6,6
afrikaans,6,6
derhalve,6,6
uitvoerig,6,6
kijkt,6,6
schaduw,6,5
illustratie,6,6
bestaand,6,6
ingegeven,6,6
schieten,6,6
ontwik,6,6
zekerheid,6,6
onderzoeks,6,5
komma,6,6
contexten,6,6
hiërarchisch,6,6
nationalistische,6,6
opzicht,6,6
romeinse,6,5
exotische,6,5
schilderij,6,6
kleinkinderen,6,5
nageslacht,6,6
pot,6,6
geopend,6,6
veelzeggend,6,6
zus,6,6
beambten,6,6
arbeider,6,5
wensen,6,6
tewerkgesteld,6,6
moeders,6,6
uitblijven,6,5
wanhoop,6,6
ideologisch,6,5
getuige,6,6
duidelijker,6,6
veroorloven,6,6
geschonken,6,6
eruit,6,6
beheerd,6,6
verdreven,6,5
wal,6,5
successen,6,6
veroverden,6,6
rende,6,6
regie,6,5
verbroken,6,6
principes,6,5
beschikking,6,6
aangevallen,6,6
connectie,6,6
ambachtslieden,6,5
producties,6,5
latijns,6,6
redacteur,6,6
afbakening,6,6
pere,6,6
gestaag,6,6
kapers,6,5
voldaan,6,6
ingebed,6,6
handelsgoederen,6,6
gestimuleerd,6,6
ingrijpend,6,6
weergegeven,6,6
overleefden,6,6
von,6,5
aangaan,6,6
creëerden,6,6
besteedden,6,6
bekeren,6,5
week,6,6
graven,6,6
voorgoed,6,6
alhoewel,6,6
streefde,6,6
geschiedwetenschap,6,6
uitzonderingen,6,5
notabelen,6,6
delaware,6,6
nevens,6,6
redelijk,6,6
minuten,6,6
arriveerden,6,6
wreedheid,6,6
geïnitieerd,6,6
opende,6,6
deelde,6,6
dineke,6,5
slavensamenleving,6,5
lui,6,6
typische,6,6
instructie,6,6
bias,6,5
alliantie,6,6
indianen,6,6
kozen,6,6
hoofdkwartier,6,5
ers,6,6
ocw,6,5
implementatie,6,6
gevecht,6,5
dossier,6,6
tienjarig,6,6
naburige,6,6
rechtvaardiging,6,6
ere,6,5
labor,6,6
antwoordde,6,6
aangevoerd,6,6
verblijf,6,6
vernietiging,6,6
diefstal,6,5
laatst,6,6
sterkere,6,6
schijnt,6,6
bekennen,6,5
strategisch,6,6
chakraborty,6,6
subcontinent,6,6
sub,6,6
officieren,6,6
bestemd,6,6
nair,6,5
lagere,6,6
eigendomsrechten,6,5
godsdienstige,6,6
legacies,6,5
papua,6,6
prak,6,6
zake,6,6
uitgedragen,6,6
persoons,6,5
deelden,6,6
recentelijk,6,6
essays,6,6
verzamelden,6,6
gezelschap,6,6
toebedeeld,6,6
slavenmarkten,6,6
vaderlandsche,6,6
opties,6,6
anderszins,6,6
eenheidsstaat,6,6
stuurden,6,6
staatsinrichting,6,6
onmisbare,6,6
walcheren,6,5
zestien,6,6
episode,6,6
weduwe,6,6
pan,6,6
staf,6,5
vi,6,6
uitmaakte,6,6
casussen,6,6
beloond,6,6
evident,6,6
schatten,6,6
achteraf,6,6
demonstraties,6,6
organen,6,6
behartigen,6,6
notulen,6,6
castro,6,5
bartholomeus,6,6
kraaijenoord,6,6
elias,6,6
hoogtepunt,6,6
gestaan,6,6
kleinzoon,6,6
master,6,6
gegarandeerd,6,6
sefarden,6,5
werelden,6,6
herengracht,6,6
handelscentrum,6,6
gemeten,6,6
biografieën,6,6
betrouwbare,6,6
seculier,6,5
ebg,6,5
katholiek,6,5
slavernijdebat,6,6
harry,6,6
reparatie,6,6
wethouders,6,6
liefde,6,6
verzekeringen,6,5
miljard,6,5
kralen,6,6
tamira,6,6
combrink,6,6
slavenplantages,6,5
bruto,6,5
polen,6,5
logo,6,5
lucratief,6,5
oorlogsvoering,6,5
aanstellen,6,5
rekenschap,6,6
productief,6,6
toespraak,6,5
groenlinks,6,6
potentiële,6,6
corruptie,6,6
plaatsvindt,6,6
gevraagde,6,6
moeizaam,6,5
interpretaties,6,5
stephan,6,6
memo,6,6
kleurrijke,6,6
kooij,6,6
balkenhol,6,6
wayne,6,6
modest,6,6
eindrapport,6,6
deelnemer,6,6
united,6,6
manchester,6,5
kuitenbrouwer,6,5
stille,6,6
schetsen,6,6
southeast,6,6
koude,6,6
study,6,5
commentaar,6,6
cupido,6,6
bon,6,6
beautiful,6,5
volendam,6,6
film,6,6
asian,6,6
geciteerd,6,6
slaaven,6,6
adams,6,6
waardevolle,6,6
inschatting,6,6
wijk,6,6
deventer,6,5
patrick,6,6
valk,6,5
groene,6,5
collections,6,5
roy,6,6
humanities,6,6
ontdekt,6,6
werkwijzen,6,6
millioenen,6,6
opdrachten,6,5
hbo,6,5
oplossingen,6,6
middelbaar,6,6
inbedding,6,6
academici,6,6
resulteert,6,6
zoiets,6,6
vermijden,6,6
opzoeken,6,5
nut,6,6
vlek,6,6
gemotiveerd,6,6
toon,6,5
verzoening,6,6
bekritiseerde,6,5
uitmaakt,6,6
streeft,6,6
denkt,6,6
follow,6,6
wilt,6,6
documentaire,6,6
opstelling,6,6
samengesteld,6,6
grachtengordel,6,6
luxe,6,6
uitvinding,6,6
trouwen,6,6
verspreiding,6,6
schoon,6,6
matrozen,6,6
getolereerd,6,6
negatief,6,6
georganiseerde,6,6
baas,6,6
wolter,6,5
aanklacht,6,6
pleidooi,6,6
typen,6,6
scherp,6,6
covid,6,6
kerkel,6,6
ns,6,5
schilder,6,6
bone,6,5
pel,6,6
weleens,6,6
oma,6,6
zomers,6,6
enthousiast,6,6
grootvader,6,6
gestudeerd,6,6
aangegaan,6,6
daadwerkel,6,6
mislukking,6,5
slavengeld,6,5
zuster,6,6
prattenburg,6,5
ftig,6,6
voorzichtig,6,6
alweer,6,6
deftige,6,6
verwachting,6,6
dest,6,6
dak,6,5
croo,6,6
vinger,6,6
ophouden,6,6
also,6,6
administrateurs,6,5
marjet,6,6
binnenstad,6,6
par,6,6
naamloze,6,6
korten,6,6
plezier,6,6
kdommen,6,6
sea,6,5
respectievel,6,6
redel,6,5
alexandre,6,5
aanw,6,5
knecht,6,6
tel,6,6
buitengesloten,6,5
hervormd,6,6
opgroeien,6,6
opkomende,6,6
zeide,6,6
gerechtshof,6,6
eenigen,6,5
hierb,6,6
luiden,6,6
wetenschappel,6,5
gilroy,6,6
getracht,6,6
versch,6,6
migrant,6,5
passend,6,6
lm,6,6
vasthouden,6,5
voorbereid,6,6
publishing,6,6
ronald,6,6
verkiezingen,6,5
baseren,6,5
stagiaires,6,6
centre,6,6
left,6,6
implicatie,6,6
burgerl,6,5
koninkl,6,6
sites,6,6
marius,6,6
routledge,6,6
jansen,6,6
maandblad,6,6
iman,6,5
raat,6,6
governor,6,6
woordenboek,6,5
nalatenschap,6,6
education,6,6
strekt,6,6
vervulde,6,5
geconstateerd,6,6
meinertzhagen,6,5
koposov,6,6
tijdstip,6,6
billijkheid,6,6
rawagede,6,6
mai,6,6
reconnaissance,6,6
inventarisatie,6,6
burgerpanel,6,5
aanvaarden,6,6
beantwoord,6,6
datgene,6,6
note,6,5
kick,6,5
policy,6,6
january,6,6
römer,6,5
beleven,6,6
bevrijding,6,5
onderwezen,6,6
reference,6,5
small,6,6
herinnerde,6,6
hervorming,6,6
mi,6,5
doeleinden,6,5
meningen,6,5
durven,6,6
aangaat,6,6
essentie,6,5
huren,6,6
aanbiedt,6,5
benadeeld,6,6
onderschat,6,6
liberal,6,5
kingdom,6,5
presteren,6,6
verloopt,6,6
monitoring,6,6
geraadpleegde,6,6
slaat,6,6
staatsrecht,6,6
eerlijk,6,6
oplevert,6,6
gedupeerden,6,6
toetsen,6,6
voorbaat,6,6
regten,6,6
dadelijk,6,6
worden,6,6
onvoorwaardelijke,6,5
wat,6,6
strekkende,6,5
gewigtig,6,5
meening,6,6
neen,6,6
teleurstelling,6,6
welligt,6,5
voorstelt,6,5
luidende,6,5
staatswege,6,5
landbouwende,6,6
maar,6,6
eener,6,6
inzien,6,6
als,6,6
vordert,6,6
behoeven,6,5
limburg,6,5
planning,6,6
meenen,6,6
hoofde,6,6
samengestelde,6,6
voorbereiding,6,5
dat,6,5
intenties,6,5
komende,6,6
getoetst,6,6
kwade,6,6
ervaringsdeskundigen,6,6
beleidsvisie,6,6
stigmatisering,6,5
sue,6,5
inclusiviteit,6,5
opleidingsniveau,6,5
optelsom,6,6
voorval,6,6
ongepaste,6,5
geproblematiseerd,6,5
assimileren,6,6
doorgroeien,6,5
toegankelijkheid,6,6
minatie,6,6
participatiewet,6,5
afwegingen,6,5
huid,5,5
resulteren,5,5
taboe,5,5
beneden,5,5
condities,5,5
jou,5,5
gebaar,5,5
symbolisch,5,5
activistische,5,5
reparation,5,5
geassocieerd,5,5
gangbare,5,5
inhoudt,5,5
leving,5,5
uitgegaan,5,5
scala,5,5
getuigenissen,5,5
verzamelingen,5,5
lichaam,5,5
vergeleken,5,5
controleerden,5,5
meynell,5,5
teruggave,5,5
santo,5,5
schilderde,5,5
uitmaakten,5,5
stoppen,5,5
bot,5,5
voeding,5,5
bemoeilijkt,5,5
omvangrijk,5,5
dreef,5,5
weigerden,5,5
facto,5,5
opzichter,5,5
mislukken,5,5
ontkomen,5,5
fundament,5,5
opgerichte,5,5
gunstige,5,5
koelies,5,5
massaal,5,5
moeilijke,5,5
goedkope,5,5
standaard,5,5
tekenden,5,5
repressie,5,5
onmacht,5,5
voorhanden,5,5
stroomversnelling,5,5
geografie,5,5
samengevoegd,5,5
gewapende,5,5
levende,5,5
rolph,5,5
trouillot,5,5
stiltes,5,5
warme,5,5
voortkwamen,5,5
genuanceerd,5,5
eigendomsslavernij,5,5
beheersen,5,5
vasteland,5,5
staken,5,5
slavenkolonie,5,5
logischerwijs,5,5
onregt,5,5
vertragen,5,5
fing,5,5
utrechtsch,5,5
verkeerd,5,5
gepubliceerde,5,5
evenmin,5,5
beschrijvingen,5,5
inge,5,5
bewerken,5,5
onbesproken,5,5
medestanders,5,5
genoot,5,5
snelle,5,5
plantageslavernij,5,5
organiseerden,5,5
ondertussen,5,5
inspraak,5,5
opzettelijk,5,5
herziene,5,5
guillaume,5,5
keus,5,5
hoedanigheid,5,5
ontvangst,5,5
mislukte,5,5
verdedigd,5,5
ande,5,5
ber,5,5
eenzijdige,5,5
trek,5,5
frits,5,5
verliep,5,5
tochten,5,5
slavenregister,5,5
geregistreerde,5,5
overgebleven,5,5
vangen,5,5
heersers,5,5
gezonden,5,5
grove,5,5
haalden,5,5
vriend,5,5
geldende,5,5
drong,5,5
expeditie,5,5
mannelijke,5,5
afkomstige,5,5
toevlucht,5,5
bedoelde,5,5
uitoefende,5,5
theorie,5,5
ameri,5,5
kaanse,5,5
geveild,5,5
oorlogsschepen,5,5
aanstelling,5,5
keek,5,5
handelden,5,5
gelukt,5,5
opgetekend,5,5
illegaal,5,5
daarachter,5,5
opvallende,5,5
reconstructie,5,5
dataset,5,5
science,5,5
verbreden,5,5
raymund,5,5
schütz,5,5
ontbonden,5,5
tijdelijke,5,5
alleenrecht,5,5
concurrentie,5,5
nemers,5,5
veruit,5,5
plaatse,5,5
onderschatting,5,5
familienetwerken,5,5
lucratieve,5,5
huwelijken,5,5
gevoed,5,5
verschuiving,5,5
claimde,5,5
bestel,5,5
reproduceren,5,5
gestelde,5,5
functioneerde,5,5
essentiële,5,5
nauwgezet,5,5
verhoogd,5,5
vooruitgang,5,5
meewerken,5,5
drukte,5,5
primaire,5,5
onrechte,5,5
veronderstelde,5,5
entiteit,5,5
impliceert,5,5
gevoelig,5,5
betalingen,5,5
bereikten,5,5
blijk,5,5
gezindheid,5,5
multatuli,5,5
gehoor,5,5
maatschappijen,5,5
uiterlijk,5,5
scholing,5,5
bedraagt,5,5
vrijkopen,5,5
tamil,5,5
cul,5,5
taalsituatie,5,5
ontleend,5,5
vernis,5,5
afri,5,5
gehanteerd,5,5
geving,5,5
levingen,5,5
logisch,5,5
onderweg,5,5
inzette,5,5
alfred,5,5
marginale,5,5
intussen,5,5
onvermogen,5,5
obstakels,5,5
startpunt,5,5
behoorlijk,5,5
tekeningen,5,5
geografisch,5,5
slavin,5,5
herbezien,5,5
betekenissen,5,5
bovenaan,5,5
archive,5,5
natiestaten,5,5
gezorgd,5,5
bene,5,5
completer,5,5
onderbelichte,5,5
middeleeuwen,5,5
iemands,5,5
heersende,5,5
markeert,5,5
continenten,5,5
strekte,5,5
vervulden,5,5
verbindt,5,5
louter,5,5
onterecht,5,5
invalshoek,5,5
ladder,5,5
steevast,5,5
amsterdamsche,5,5
gruwelijke,5,5
aanknopingspunten,5,5
cadeau,5,5
gene,5,5
puttevils,5,5
kwijt,5,5
anonieme,5,5
pijlers,5,5
tegenwerking,5,5
ale,5,5
amper,5,5
overheersers,5,5
schappelijke,5,5
opmaken,5,5
besloeg,5,5
nabije,5,5
aansluiting,5,5
coro,5,5
tambu,5,5
liedjes,5,5
ners,5,5
willekeur,5,5
tenminste,5,5
ribeiro,5,5
nature,5,5
groeiden,5,5
haalt,5,5
dreven,5,5
rand,5,5
overname,5,5
verklaarde,5,5
aerssen,5,5
verdeeldheid,5,5
mensonterende,5,5
ondernomen,5,5
telt,5,5
eco,5,5
verkochten,5,5
veilingen,5,5
kenden,5,5
ramona,5,5
negrón,5,5
archiefmateriaal,5,5
wind,5,5
stichtten,5,5
bestuurs,5,5
ontwikke,5,5
inspanning,5,5
dertien,5,5
aangekomen,5,5
voortkwam,5,5
wacht,5,5
leerden,5,5
bevelen,5,5
regelmaat,5,5
onderzoekt,5,5
zwak,5,5
jersey,5,5
vingen,5,5
derden,5,5
heten,5,5
gratie,5,5
tomé,5,5
participeren,5,5
transporteerden,5,5
overnamen,5,5
vochten,5,5
definitief,5,5
bossen,5,5
agency,5,5
onbe,5,5
jennifer,5,5
america,5,5
gesuggereerd,5,5
afgevoerd,5,5
gevoelde,5,5
brasilianen,5,5
mapping,5,5
heil,5,5
trof,5,5
geschenk,5,5
inherent,5,5
rechtbanken,5,5
fiscaal,5,5
jeanne,5,5
silva,5,5
middelburgsche,5,5
ivoor,5,5
graan,5,5
aanval,5,5
sleutelrol,5,5
oordeelde,5,5
tekenen,5,5
opvolger,5,5
reputatie,5,5
historica,5,5
sloeg,5,5
riebeeck,5,5
venhandel,5,5
ross,5,5
dig,5,5
vlees,5,5
onmenselijke,5,5
vanzelfsprekendheid,5,5
titas,5,5
myanmar,5,5
gerealiseerd,5,5
mentaal,5,5
opgelopen,5,5
versterkte,5,5
kleiner,5,5
bekeerd,5,5
periodieke,5,5
bewegen,5,5
geprofiteerd,5,5
wickramasinghe,5,5
herman,5,5
albertus,5,5
zesduizend,5,5
gewenst,5,5
benaderde,5,5
specerijen,5,5
enclaves,5,5
evenveel,5,5
getransporteerd,5,5
alcohol,5,5
hägerdal,5,5
geïntensiveerd,5,5
diplomatie,5,5
aktes,5,5
havenstad,5,5
spiritualiteit,5,5
representatief,5,5
handelsmonopolie,5,5
verlengen,5,5
avant,5,5
lettre,5,5
veronderstelling,5,5
afgesloten,5,5
instandhouding,5,5
ruyter,5,5
afwezig,5,5
bril,5,5
benut,5,5
lopende,5,5
onrechtvaardig,5,5
ferdinand,5,5
uitgedrukt,5,5
dagboek,5,5
aantonen,5,5
dreiging,5,5
anderhalve,5,5
blijkbaar,5,5
verenigen,5,5
initiatiefnemers,5,5
stads,5,5
bestuursfuncties,5,5
matroos,5,5
onttrekken,5,5
naaste,5,5
koppelen,5,5
intersectionaliteit,5,5
stoutjesdijk,5,5
afstemming,5,5
verblijven,5,5
verlengde,5,5
janskerk,5,5
vooruit,5,5
monteiro,5,5
geschapen,5,5
ineens,5,5
bekritiseerd,5,5
beïnvloedden,5,5
subsidie,5,5
beeldredactie,5,5
studio,5,5
allebei,5,5
erna,5,5
systematiek,5,5
uitstek,5,5
aziatisch,5,5
mauritshuis,5,5
publiceert,5,5
goedkeuring,5,5
menno,5,5
benadrukte,5,5
samengewerkt,5,5
geanalyseerd,5,5
constructies,5,5
herinneringscultuur,5,5
molukse,5,5
pleitten,5,5
barryl,5,5
resident,5,5
gearriveerd,5,5
innige,5,5
koopmans,5,5
haalde,5,5
beëindigd,5,5
apparaat,5,5
lander,5,5
wederzijds,5,5
weggenomen,5,5
vreemdelingenhaat,5,5
gewaarborgd,5,5
durham,5,5
watch,5,5
gruwelijks,5,5
ron,5,5
dumasy,5,5
elviera,5,5
sandie,5,5
masterscriptie,5,5
humanistiek,5,5
political,5,5
filosoof,5,5
haan,5,5
victims,5,5
slavevoyages,5,5
afschaffers,5,5
years,5,5
cátia,5,5
antunes,5,5
humphrey,5,5
curaçaosche,5,5
chicago,5,5
legale,5,5
bart,5,5
rembrandts,5,5
welstand,5,5
transatlantic,5,5
ithaca,5,5
noorlander,5,5
forgotten,5,5
native,5,5
indigenous,5,5
cape,5,5
bengal,5,5
seventeenth,5,5
reid,5,5
bondan,5,5
kanumoyoso,5,5
gendered,5,5
perspectives,5,5
work,5,5
bulletin,5,5
sa,5,5
war,5,5
spanish,5,5
almelo,5,5
nuttige,5,5
noodige,5,5
casus,5,5
oostindische,5,5
analysis,5,5
goeden,5,5
literatuurlijst,5,5
atlas,5,5
muller,5,5
claims,5,5
groenewoud,5,5
toevoeging,5,5
ingewikkeld,5,5
gratis,5,5
grondwettelijke,5,5
vrijblijvend,5,5
welken,5,5
beschrijving,5,5
websites,5,5
gepast,5,5
onszelf,5,5
helden,5,5
luider,5,5
promoshon,5,5
konsenshi,5,5
wekken,5,5
schermen,5,5
afgedwongen,5,5
critical,5,5
onderzoeksresultaten,5,5
schilderen,5,5
reflecties,5,5
erkennings,5,5
verbondenheid,5,5
reageerde,5,5
vatbaar,5,5
paulus,5,5
machtig,5,5
stuurman,5,5
gezonde,5,5
naakt,5,5
eenvoudige,5,5
magdalena,5,5
afspeelde,5,5
muren,5,5
benoeming,5,5
voorwoord,5,5
intellectuele,5,5
cabin,5,5
omstreden,5,5
bekendheid,5,5
groeit,5,5
plaatsel,5,5
opmerkel,5,5
leerde,5,5
omvatte,5,5
voorbehouden,5,5
gematigde,5,5
statige,5,5
ksmuseum,5,5
tak,5,5
intensieve,5,5
kennel,5,5
letterl,5,5
nadrukkel,5,5
vermelding,5,5
steken,5,5
betrekkel,5,5
universiteitsbibliotheek,5,5
muur,5,5
minrebroederstraat,5,5
dage,5,5
klom,5,5
gezeten,5,5
onvr,5,5
aankwam,5,5
herdrukt,5,5
dergel,5,5
werkel,5,5
aanvankel,5,5
vernemen,5,5
kennissen,5,5
opmerken,5,5
orthodoxe,5,5
doe,5,5
beschaafde,5,5
lat,5,5
gerelateerd,5,5
eindigde,5,5
verwarring,5,5
aanwezigen,5,5
emotionele,5,5
verschilt,5,5
onlosmakel,5,5
costa,5,5
voegde,5,5
vorderen,5,5
wetsontwerpen,5,5
revue,5,5
patriottent,5,5
demonstratie,5,5
seksisme,5,5
maayke,5,5
oratie,5,5
spiritueel,5,5
epiloog,5,5
organiseert,5,5
missen,5,5
getal,5,5
unseen,5,5
little,5,5
plompetorengracht,5,5
japan,5,5
relations,5,5
douze,5,5
mirroring,5,5
different,5,5
follies,5,5
everhard,5,5
harscamp,5,5
asdsaa,5,5
mededeling,5,5
thoff,5,5
suggereert,5,5
lichamen,5,5
besteedt,5,5
samengevat,5,5
vpro,5,5
maastricht,5,5
boos,5,5
onderzoeksproject,5,5
group,5,5
opgeslagen,5,5
guldens,5,5
gecontroleerd,5,5
kanunnik,5,5
uitgewerkt,5,5
october,5,5
voorts,5,5
toegevoegde,5,5
tendant,5,5
gemak,5,5
legitieme,5,5
toegelicht,5,5
npo,5,5
hoofdlijnen,5,5
onderhavige,5,5
omvatten,5,5
het,5,5
terugkoppeling,5,5
gelanceerd,5,5
human,5,5
geborgd,5,5
jay,5,5
antoine,5,5
pp,5,5
ie,5,5
discrimination,5,5
beëindigen,5,5
oprechte,5,5
worstelen,5,5
delete,5,5
doelen,5,5
totslaafgemaakten,5,5
discrimina,5,5
positieverbetering,5,5
ser,5,5
racis,5,5
cum,5,5
capaciteiten,5,5
periodiek,5,5
fases,5,5
scheve,5,5
aanbevolen,5,5
referentiekader,5,5
constateert,5,5
mail,5,5
opdat,5,5
begrijpt,5,5
medische,5,5
aftreden,5,5
waterstaat,5,5
empathisch,5,5
openingsstatement,5,5
wierd,5,5
menschelijkheid,5,5
ééne,5,5
ondervinding,5,5
meent,5,5
redenatie,5,5
nadeelige,5,5
noodzakelijkheid,5,5
gewigtige,5,5
was,5,5
beschouw,5,5
deelnamen,5,5
daaromtrent,5,5
men,5,5
regeringsbeleid,5,5
groepsaffiliatie,5,5
westfalen,5,5
meemaken,5,5
billijke,5,5
zorgdragen,5,5
zij,5,5
ontnemen,5,5
consequent,5,5
verkuyten,5,5
verschijningsvormen,5,5
minderheidsgroepen,5,5
stigmatiserende,5,5
sollicitatiegesprek,5,5
beschuldigingen,5,5
focusgroep,5,5
aanhoren,5,5
ongemakkelijk,5,5
gewaardeerd,5,5
relativeren,5,5
uitdragen,5,5
cultuursensitief,5,5
gereflecteerd,5,5
overheids,5,5
