topic,term,weight,category,parent,cosine,df,is_seed
Contemporary_Manifestations,aansluit,1.0,core_problem,uitsluiting,0.8425,14,0
Contemporary_Manifestations,aansluiten,1.0,core_problem,uitsluiting,0.7948,20,0
Contemporary_Manifestations,afsluit,1.0,core_problem,uitsluiting,0.8259,2,0
Contemporary_Manifestations,afsluiten,1.0,core_problem,uitsluiting,0.799,9,0
Contemporary_Manifestations,afsluiting,1.0,core_problem,uitsluiting,0.8345,5,0
Contemporary_Manifestations,anti-racisme,1.0,core_problem,anti-zwartracisme,0.9193,3,0
Contemporary_Manifestations,anti-racistisch,1.0,core_problem,anti-zwartracisme,0.8851,3,0
Contemporary_Manifestations,anti-zwartracisme,1.0,core_problem,anti-zwartracisme,1.0,2,1
Contemporary_Manifestations,antiracisme,1.0,core_problem,anti-zwartracisme,0.8837,6,0
Contemporary_Manifestations,antiracisme-,1.0,core_problem,anti-zwartracisme,0.8819,2,0
Contemporary_Manifestations,discriminatie,1.0,core_problem,discriminatie,1.0,202,1
Contemporary_Manifestations,discriminatoire,1.0,core_problem,discriminatie,0.8767,4,0
Contemporary_Manifestations,discrimineren,1.0,core_problem,discriminatie,0.9333,8,0
Contemporary_Manifestations,discriminerend,1.0,core_problem,discriminatie,0.8909,9,0
Contemporary_Manifestations,discriminerende,1.0,core_problem,discriminatie,0.87,10,0
Contemporary_Manifestations,etnische discriminatie,1.0,core_problem,etnische discriminatie,1.0,0,1
Contemporary_Manifestations,gediscrimineerd,1.0,core_problem,discriminatie,0.8524,20,0
Contemporary_Manifestations,gediscrimineerde,1.0,core_problem,discriminatie,0.875,2,0
Contemporary_Manifestations,huidskleur,1.0,core_problem,huidskleur,1.0,37,1
Contemporary_Manifestations,insluiting,1.0,core_problem,uitsluiting,0.8129,6,0
Contemporary_Manifestations,institutioneel racisme,1.0,core_problem,institutioneel racisme,1.0,0,1
Contemporary_Manifestations,non-discriminatie,1.0,core_problem,discriminatie,0.8404,8,0
Contemporary_Manifestations,opsluiting,1.0,core_problem,uitsluiting,0.8403,2,0
Contemporary_Manifestations,racism,1.0,core_problem,racisme,0.8113,5,0
Contemporary_Manifestations,racisme,1.0,core_problem,racisme,1.0,285,1
Contemporary_Manifestations,racist,1.0,core_problem,racistische,0.7901,2,0
Contemporary_Manifestations,racistisch,1.0,core_problem,racistisch,1.0,27,1
Contemporary_Manifestations,racistische,1.0,core_problem,racistische,1.0,61,1
Contemporary_Manifestations,rassendiscriminatie,1.0,core_problem,rassendiscriminatie,1.0,5,1
Contemporary_Manifestations,sluiten,1.0,core_problem,uitsluiting,0.7713,51,0
Contemporary_Manifestations,sluitend,1.0,core_problem,uitsluiting,0.7524,5,0
Contemporary_Manifestations,sluiting,1.0,core_problem,uitsluiting,0.8396,5,0
Contemporary_Manifestations,structureel racisme,1.0,core_problem,structureel racisme,1.0,0,1
Contemporary_Manifestations,systematisch racisme,1.0,core_problem,systematisch racisme,1.0,0,1
Contemporary_Manifestations,systemisch racisme,1.0,core_problem,systemisch racisme,1.0,0,1
Contemporary_Manifestations,uitreding,1.0,core_problem,uitsluiting,0.7513,2,0
Contemporary_Manifestations,uitsluiten,1.0,core_problem,uitsluiting,0.7657,6,0
Contemporary_Manifestations,uitsluiting,1.0,core_problem,uitsluiting,1.0,48,1
Contemporary_Manifestations,uitsluitingsmechanismen,1.0,core_problem,uitsluitingsmechanismen,1.0,1,1
Contemporary_Manifestations,uitsluitsel,1.0,core_problem,uitsluiting,0.7966,3,0
Contemporary_Manifestations,afrikaanse,0.95,strong_problem,afro-surinaamse,0.6893,235,0
Contemporary_Manifestations,afro-,0.95,strong_problem,afro-surinamers,0.6949,9,0
Contemporary_Manifestations,afro-afstam-,0.95,strong_problem,afro-caribische,0.6541,2,0
Contemporary_Manifestations,afro-amerikaanse,0.95,strong_problem,afro-caribische,0.7199,6,0
Contemporary_Manifestations,afro-antillianen,0.95,strong_problem,afro-antillianen,1.0,10,1
Contemporary_Manifestations,afro-caraïbische,0.95,strong_problem,afro-caribische,0.8929,3,0
Contemporary_Manifestations,afro-caribische,0.95,strong_problem,afro-caribische,1.0,3,1
Contemporary_Manifestations,afro-curaçaose,0.95,strong_problem,afro-caribische,0.6782,2,0
Contemporary_Manifestations,afro-nederlanders,0.95,strong_problem,afro-nederlanders,1.0,4,1
Contemporary_Manifestations,afro-nederlandse,0.95,strong_problem,afro-caribische,0.7039,3,0
Contemporary_Manifestations,afro-surinaamse,0.95,strong_problem,afro-surinaamse,1.0,10,1
Contemporary_Manifestations,afro-surinamers,0.95,strong_problem,afro-surinamers,1.0,13,1
Contemporary_Manifestations,amerikaans,0.95,strong_problem,etnische,0.6777,3,0
Contemporary_Manifestations,amerikaansche,0.95,strong_problem,afro-surinaamse,0.7171,3,0
Contemporary_Manifestations,amerikaanse,0.95,strong_problem,etnische,0.6759,74,0
Contemporary_Manifestations,amerikanen,0.95,strong_problem,etnische,0.6726,14,0
Contemporary_Manifestations,anti-,0.95,strong_problem,anti-zwart,0.6796,7,0
Contemporary_Manifestations,anti-zwart,0.95,strong_problem,anti-zwart,1.0,17,1
Contemporary_Manifestations,anti-zwarte,0.95,strong_problem,anti-zwart,0.9664,2,0
Contemporary_Manifestations,antikoloniale,0.95,strong_problem,afro-antillianen,0.6653,7,0
Contemporary_Manifestations,antilliaan,0.95,strong_problem,afro-antillianen,0.7242,2,0
Contemporary_Manifestations,antilliaans,0.95,strong_problem,afro-antillianen,0.6835,8,0
Contemporary_Manifestations,antilliaanse,0.95,strong_problem,afro-antillianen,0.7164,46,0
Contemporary_Manifestations,antillianen,0.95,strong_problem,afro-antillianen,0.7893,9,0
Contemporary_Manifestations,arbeidersprotest,0.95,strong_problem,arbeidsdiscriminatie,0.6974,2,0
Contemporary_Manifestations,arbeidsdiscriminatie,0.95,strong_problem,arbeidsdiscriminatie,1.0,2,1
Contemporary_Manifestations,arbeidsdwang,0.95,strong_problem,arbeidsdiscriminatie,0.6733,4,0
Contemporary_Manifestations,arbeidsgeschillenwet,0.95,strong_problem,arbeidsdiscriminatie,0.6878,2,0
Contemporary_Manifestations,arbeidsparticipatie,0.95,strong_problem,arbeidsdiscriminatie,0.685,4,0
Contemporary_Manifestations,arbeidsrecht,0.95,strong_problem,arbeidsdiscriminatie,0.7603,3,0
Contemporary_Manifestations,arbeidsregime,0.95,strong_problem,arbeidsdiscriminatie,0.6544,2,0
Contemporary_Manifestations,arbeidsuitbuiting,0.95,strong_problem,arbeidsdiscriminatie,0.6758,3,0
Contemporary_Manifestations,autoritair,0.95,strong_problem,institutioneel,0.6528,2,0
Contemporary_Manifestations,aziatisch,0.95,strong_problem,etnische,0.6736,4,0
Contemporary_Manifestations,aziatische,0.95,strong_problem,etnische,0.6662,59,0
Contemporary_Manifestations,belgische,0.95,strong_problem,afro-surinaamse,0.6599,5,0
Contemporary_Manifestations,beoordelen,0.95,strong_problem,vooroordeel,0.6984,12,0
Contemporary_Manifestations,blank,0.95,strong_problem,zwarten,0.675,7,0
Contemporary_Manifestations,blanke,0.95,strong_problem,zwarten,0.7276,21,0
Contemporary_Manifestations,blanken,0.95,strong_problem,zwarten,0.7143,20,0
Contemporary_Manifestations,blinde,0.95,strong_problem,zwarten,0.6563,16,0
Contemporary_Manifestations,bloedens,0.95,strong_problem,zwarten,0.6707,2,0
Contemporary_Manifestations,caribisch,0.95,strong_problem,afro-caribische,0.6697,340,0
Contemporary_Manifestations,caribische,0.95,strong_problem,afro-caribische,0.7259,174,0
Contemporary_Manifestations,constitutionele,0.95,strong_problem,institutioneel,0.8607,20,0
Contemporary_Manifestations,culturele,0.95,strong_problem,etnische,0.7002,148,0
Contemporary_Manifestations,discriminatiegronden,0.95,strong_problem,discriminatiegronden,1.0,4,1
Contemporary_Manifestations,discriminatietoets,0.95,strong_problem,discriminatietoets,1.0,33,1
Contemporary_Manifestations,donker,0.95,strong_problem,zwarten,0.6526,11,0
Contemporary_Manifestations,etniciteit,0.95,strong_problem,etnische,0.707,11,0
Contemporary_Manifestations,etnische,0.95,strong_problem,etnische,1.0,63,1
Contemporary_Manifestations,ex-surinamers,0.95,strong_problem,afro-surinamers,0.6877,2,0
Contemporary_Manifestations,formeel-systemisch,0.95,strong_problem,systemisch,0.8287,2,0
Contemporary_Manifestations,geoordeeld,0.95,strong_problem,vooroordeel,0.6508,5,0
Contemporary_Manifestations,gerechtelijk,0.95,strong_problem,institutioneel,0.6848,2,0
Contemporary_Manifestations,grijs,0.95,strong_problem,zwarten,0.6979,7,0
Contemporary_Manifestations,grijze,0.95,strong_problem,zwarten,0.6832,3,0
Contemporary_Manifestations,grondwettelijke,0.95,strong_problem,institutioneel,0.6537,5,0
Contemporary_Manifestations,instituties,0.95,strong_problem,institutioneel,0.7795,25,0
Contemporary_Manifestations,institutioneel,0.95,strong_problem,institutioneel,1.0,57,1
Contemporary_Manifestations,institutionele,0.95,strong_problem,institutioneel,0.9259,28,0
Contemporary_Manifestations,interculturele,0.95,strong_problem,etnische,0.688,3,0
Contemporary_Manifestations,landse,0.95,strong_problem,afro-surinaamse,0.6732,41,0
Contemporary_Manifestations,latijns-amerika,0.95,strong_problem,etnische,0.6761,10,0
Contemporary_Manifestations,latijns-amerikaanse,0.95,strong_problem,etnische,0.7024,2,0
Contemporary_Manifestations,nationaliteit,0.95,strong_problem,etnische,0.6982,18,0
Contemporary_Manifestations,nederlanden,0.95,strong_problem,afro-nederlanders,0.664,79,0
Contemporary_Manifestations,nederlanders,0.95,strong_problem,afro-nederlanders,0.6821,279,0
Contemporary_Manifestations,nederlands-caribische,0.95,strong_problem,afro-caribische,0.6527,8,0
Contemporary_Manifestations,nederlands-vlaamse,0.95,strong_problem,afro-surinaamse,0.684,2,0
Contemporary_Manifestations,niet-witte,0.95,strong_problem,anti-zwart,0.6757,4,0
Contemporary_Manifestations,niet-zwarte,0.95,strong_problem,anti-zwart,0.8267,2,0
Contemporary_Manifestations,nische,0.95,strong_problem,etnische,0.835,2,0
Contemporary_Manifestations,non-discriminatiegronden,0.95,strong_problem,discriminatiegronden,0.8612,3,0
Contemporary_Manifestations,noord-afrika,0.95,strong_problem,afro-surinaamse,0.6528,4,0
Contemporary_Manifestations,noord-afrikaanse,0.95,strong_problem,afro-surinaamse,0.6666,7,0
Contemporary_Manifestations,oordeel,0.95,strong_problem,vooroordeel,0.8147,56,0
Contemporary_Manifestations,oordeelden,0.95,strong_problem,vooroordeel,0.7082,2,0
Contemporary_Manifestations,oordelen,0.95,strong_problem,vooroordeel,0.765,12,0
Contemporary_Manifestations,oost-afrika,0.95,strong_problem,afro-surinaamse,0.6649,3,0
Contemporary_Manifestations,opvatting,0.95,strong_problem,vooroordeel,0.6771,26,0
Contemporary_Manifestations,paars,0.95,strong_problem,zwarten,0.6785,2,0
Contemporary_Manifestations,paarse,0.95,strong_problem,zwarten,0.7032,3,0
Contemporary_Manifestations,problematisch,0.95,strong_problem,systematisch,0.7054,14,0
Contemporary_Manifestations,psychisch,0.95,strong_problem,systematisch,0.6506,2,0
Contemporary_Manifestations,psychologisch,0.95,strong_problem,systematisch,0.7059,5,0
Contemporary_Manifestations,psychologische,0.95,strong_problem,systematisch,0.6756,11,0
Contemporary_Manifestations,racismeprobleem,0.95,strong_problem,racismeprobleem,1.0,3,1
Contemporary_Manifestations,staatsrechtelijke,0.95,strong_problem,institutioneel,0.659,12,0
Contemporary_Manifestations,stage-discriminatie,0.95,strong_problem,stage-discriminatie,1.0,2,1
Contemporary_Manifestations,stagediscriminatie,0.95,strong_problem,stagediscriminatie,1.0,5,1
Contemporary_Manifestations,stagepact,0.95,strong_problem,stagediscriminatie,0.6874,8,0
Contemporary_Manifestations,stereotiep,0.95,strong_problem,stereotyperende,0.7583,2,0
Contemporary_Manifestations,stereotype,0.95,strong_problem,stereotypen,0.9455,6,0
Contemporary_Manifestations,stereotypen,0.95,strong_problem,stereotypen,1.0,9,1
Contemporary_Manifestations,stereotyperend,0.95,strong_problem,stereotyperende,0.9809,2,0
Contemporary_Manifestations,stereotyperende,0.95,strong_problem,stereotyperende,1.0,4,1
Contemporary_Manifestations,stereotypering,0.95,strong_problem,stereotyperingen,0.881,7,0
Contemporary_Manifestations,stereotyperingen,0.95,strong_problem,stereotyperingen,1.0,9,1
Contemporary_Manifestations,stereotypes,0.95,strong_problem,stereotypen,0.9651,3,0
Contemporary_Manifestations,surinaams,0.95,strong_problem,afro-surinaamse,0.6867,5,0
Contemporary_Manifestations,surinaamse,0.95,strong_problem,afro-surinaamse,0.781,128,0
Contemporary_Manifestations,surinamers,0.95,strong_problem,afro-surinamers,0.6827,22,0
Contemporary_Manifestations,system--the,0.95,strong_problem,systemische,0.7346,2,0
Contemporary_Manifestations,systematiek,0.95,strong_problem,systemische,0.8467,10,0
Contemporary_Manifestations,systematisch,0.95,strong_problem,systematisch,1.0,30,1
Contemporary_Manifestations,systematische,0.95,strong_problem,systematische,1.0,23,1
Contemporary_Manifestations,systemisch,0.95,strong_problem,systemisch,1.0,6,1
Contemporary_Manifestations,systemische,0.95,strong_problem,systemische,1.0,7,1
Contemporary_Manifestations,systems,0.95,strong_problem,systemische,0.796,2,0
Contemporary_Manifestations,territoriale,0.95,strong_problem,institutioneel,0.6976,2,0
Contemporary_Manifestations,thematisch,0.95,strong_problem,systematisch,0.6973,4,0
Contemporary_Manifestations,thematische,0.95,strong_problem,systematisch,0.6514,6,0
Contemporary_Manifestations,typerende,0.95,strong_problem,stereotyperende,0.6925,2,0
Contemporary_Manifestations,uitvoeringstechnisch,0.95,strong_problem,systemische,0.6567,2,0
Contemporary_Manifestations,verkenning,0.95,strong_problem,vooroordeel,0.6655,51,0
Contemporary_Manifestations,veronderstellingen,0.95,strong_problem,vooroordeel,0.6766,3,0
Contemporary_Manifestations,veroordeeld,0.95,strong_problem,vooroordeel,0.6798,30,0
Contemporary_Manifestations,veroordeelden,0.95,strong_problem,vooroordeel,0.6766,6,0
Contemporary_Manifestations,veroordelen,0.95,strong_problem,vooroordeel,0.7205,7,0
Contemporary_Manifestations,veroordeling,0.95,strong_problem,vooroordeel,0.6556,7,0
Contemporary_Manifestations,vlaamse,0.95,strong_problem,afro-surinaamse,0.7539,8,0
Contemporary_Manifestations,voorname,0.95,strong_problem,vooroordeel,0.6729,8,0
Contemporary_Manifestations,vooroordeel,0.95,strong_problem,vooroordeel,1.0,6,1
Contemporary_Manifestations,vooroordelen,0.95,strong_problem,vooroordeel,0.8325,26,0
Contemporary_Manifestations,voorwaarde,0.95,strong_problem,vooroordeel,0.6659,49,0
Contemporary_Manifestations,west-afrikaan,0.95,strong_problem,afro-surinaamse,0.6633,2,0
Contemporary_Manifestations,wetgevend,0.95,strong_problem,institutioneel,0.6601,2,0
Contemporary_Manifestations,wettelijke,0.95,strong_problem,institutioneel,0.6603,48,0
Contemporary_Manifestations,witte,0.95,strong_problem,zwarten,0.6754,195,0
Contemporary_Manifestations,zuid-nederlanders,0.95,strong_problem,afro-nederlanders,0.6695,3,0
Contemporary_Manifestations,zwart,0.95,strong_problem,anti-zwart,0.73,82,0
Contemporary_Manifestations,zwart-wit,0.95,strong_problem,anti-zwart,0.6792,4,0
Contemporary_Manifestations,zwarte,0.95,strong_problem,anti-zwart,0.7612,275,0
Contemporary_Manifestations,zwarten,0.95,strong_problem,zwarten,1.0,29,1
Contemporary_Manifestations,zwartheid,0.95,strong_problem,anti-zwart,0.6588,2,0
Contemporary_Manifestations,aansluitende,0.85,related_strong,uitsluiting,0.6642,2,0
Contemporary_Manifestations,antiracisme-golf,0.85,related_strong,anti-zwartracisme,0.6936,2,0
Contemporary_Manifestations,nationalistische,0.85,related_strong,racistische,0.6538,11,0
Contemporary_Manifestations,sluit,0.85,related_strong,uitsluiting,0.721,24,0
Contemporary_Manifestations,uitsluitende,0.85,related_strong,uitsluiting,0.693,4,0
Contemporary_Manifestations,discriminatiemelding,0.75,related_moderate,discriminatiemelding,1.0,2,1
Contemporary_Manifestations,discriminatiezaak,0.75,related_moderate,discriminatiezaken,0.9495,2,0
Contemporary_Manifestations,discriminatiezaken,0.75,related_moderate,discriminatiezaken,1.0,3,1
Contemporary_Manifestations,genderdiscriminatie,0.75,related_moderate,genderdiscriminatie,1.0,1,1
Contemporary_Manifestations,huidskleuren,0.75,related_moderate,huidskleuren,1.0,1,1
Contemporary_Manifestations,intolerantie,0.75,related_moderate,intolerantie,1.0,2,1
Contemporary_Manifestations,kleur,0.75,related_moderate,huidskleuren,0.6724,78,0
Contemporary_Manifestations,leeftijdsdiscriminatie,0.75,related_moderate,leeftijdsdiscriminatie,1.0,2,1
Contemporary_Manifestations,raciaal-etnische,0.75,related_moderate,raciaal-etnische,1.0,2,1
Contemporary_Manifestations,racismevormen,0.75,related_moderate,racismevormen,1.0,2,1
Contemporary_Manifestations,slotwet,0.75,related_moderate,uitsluitingswetten,0.6589,7,0
Contemporary_Manifestations,tolerantie,0.75,related_moderate,intolerantie,0.9417,11,0
Contemporary_Manifestations,uitsluitingswetten,0.75,related_moderate,uitsluitingswetten,1.0,1,1
Contemporary_Manifestations,xenofobie,0.75,related_moderate,xenofobie,1.0,2,1
Contemporary_Manifestations,zwangerschapsdiscriminatie,0.75,related_moderate,zwangerschapsdiscriminatie,1.0,2,1
Contemporary_Manifestations,antidiscriminatie-,0.55,era_context,discriminatie-,0.8744,2,0
Contemporary_Manifestations,antidiscriminatiebeleid,0.55,era_context,discriminatie-,0.7385,2,0
Contemporary_Manifestations,antidiscriminatiebureaus,0.55,era_context,discriminatie-,0.7096,2,0
Contemporary_Manifestations,antidiscriminatievoorzieningen,0.55,era_context,discriminatie-,0.7665,5,0
Contemporary_Manifestations,discriminatie-,0.55,era_context,discriminatie-,1.0,6,1
Contemporary_Manifestations,discriminatieverboden,0.55,era_context,discriminatie-,0.8313,2,0
Contemporary_Manifestations,non-discriminatiebepalingen,0.55,era_context,discriminatie-,0.7613,2,0
Historical_Slavery_Colonialism,afbetaling,1.0,core_problem,afschaffing,0.8064,3,0
Historical_Slavery_Colonialism,afbouw,1.0,core_problem,afschaffing,0.7737,5,0
Historical_Slavery_Colonialism,afdracht,1.0,core_problem,afschaffing,0.7983,5,0
Historical_Slavery_Colonialism,afgeven,1.0,core_problem,afschaffing,0.7528,5,0
Historical_Slavery_Colonialism,afhandeling,1.0,core_problem,afschaffing,0.7528,9,0
Historical_Slavery_Colonialism,afkeer,1.0,core_problem,afschaffing,0.7586,12,0
Historical_Slavery_Colonialism,afleggen,1.0,core_problem,afschaffing,0.7511,5,0
Historical_Slavery_Colonialism,aflossing,1.0,core_problem,afschaffing,0.7708,10,0
Historical_Slavery_Colonialism,aflossingen,1.0,core_problem,afschaffing,0.7727,3,0
Historical_Slavery_Colonialism,afname,1.0,core_problem,afschaffing,0.7663,15,0
Historical_Slavery_Colonialism,afnemen,1.0,core_problem,afschaffing,0.7859,6,0
Historical_Slavery_Colonialism,afrekening,1.0,core_problem,afschaffing,0.7755,2,0
Historical_Slavery_Colonialism,afschaffen,1.0,core_problem,afschaffing,0.7657,17,0
Historical_Slavery_Colonialism,afschaffing,1.0,core_problem,afschaffing,1.0,259,1
Historical_Slavery_Colonialism,afschaffingen,1.0,core_problem,afschaffing,0.8365,39,0
Historical_Slavery_Colonialism,afschaffingswet,1.0,core_problem,afschaffing,0.7685,2,0
Historical_Slavery_Colonialism,afstaan,1.0,core_problem,afschaffing,0.8208,3,0
Historical_Slavery_Colonialism,afzet,1.0,core_problem,afschaffing,0.7727,3,0
Historical_Slavery_Colonialism,anti-slavernij,1.0,core_problem,slavernij,0.8219,3,0
Historical_Slavery_Colonialism,buurkoloniën,1.0,core_problem,koloniën,0.838,2,0
Historical_Slavery_Colonialism,discriminatoire,1.0,core_problem,rassendiscriminatie,0.8051,4,0
Historical_Slavery_Colonialism,emancipatie,1.0,core_problem,emancipatie,1.0,123,1
Historical_Slavery_Colonialism,emancipatieplan,1.0,core_problem,emancipatie,0.7697,2,0
Historical_Slavery_Colonialism,emancipatieproces,1.0,core_problem,emancipatie,0.8893,7,0
Historical_Slavery_Colonialism,emancipatiewet,1.0,core_problem,emancipatie,0.7819,6,0
Historical_Slavery_Colonialism,ex-koloniën,1.0,core_problem,koloniën,0.8276,2,0
Historical_Slavery_Colonialism,kolonialisme,1.0,core_problem,kolonialisme,1.0,118,1
Historical_Slavery_Colonialism,kolonies,1.0,core_problem,koloniën,0.9668,6,0
Historical_Slavery_Colonialism,koloniën,1.0,core_problem,koloniën,1.0,278,1
Historical_Slavery_Colonialism,landbouwkoloniën,1.0,core_problem,koloniën,0.7771,2,0
Historical_Slavery_Colonialism,non-discriminatie,1.0,core_problem,rassendiscriminatie,0.7752,8,0
Historical_Slavery_Colonialism,omzetting,1.0,core_problem,afschaffing,0.7561,4,0
Historical_Slavery_Colonialism,plantaadje,1.0,core_problem,planters,0.8025,2,0
Historical_Slavery_Colonialism,plantage,1.0,core_problem,plantagesysteem,0.804,134,0
Historical_Slavery_Colonialism,plantage-,1.0,core_problem,plantagesysteem,0.8468,9,0
Historical_Slavery_Colonialism,plantage-administrateur,1.0,core_problem,plantage-eigenaren,0.7869,2,0
Historical_Slavery_Colonialism,plantage-eigenaar,1.0,core_problem,plantage-eigenaren,0.8857,12,0
Historical_Slavery_Colonialism,plantage-eigenaars,1.0,core_problem,plantage-eigenaren,0.9187,2,0
Historical_Slavery_Colonialism,plantage-eigenaren,1.0,core_problem,plantage-eigenaren,1.0,34,1
Historical_Slavery_Colonialism,plantageadministratie,1.0,core_problem,plantage-eigenaren,0.8106,3,0
Historical_Slavery_Colonialism,plantagearchieven,1.0,core_problem,plantagesysteem,0.7673,2,0
Historical_Slavery_Colonialism,plantagebezitter,1.0,core_problem,plantage-eigenaren,0.8758,2,0
Historical_Slavery_Colonialism,plantagebezitters,1.0,core_problem,plantage-eigenaren,0.9418,2,0
Historical_Slavery_Colonialism,plantagegebied,1.0,core_problem,plantagesysteem,0.8128,4,0
Historical_Slavery_Colonialism,plantagegebieden,1.0,core_problem,plantagesysteem,0.8141,7,0
Historical_Slavery_Colonialism,plantagegrond,1.0,core_problem,plantagesysteem,0.7876,2,0
Historical_Slavery_Colonialism,plantagegronden,1.0,core_problem,plantagesysteem,0.8137,2,0
Historical_Slavery_Colonialism,plantagehouder,1.0,core_problem,planters,0.8293,4,0
Historical_Slavery_Colonialism,plantagehouders,1.0,core_problem,plantage-eigenaren,0.8529,11,0
Historical_Slavery_Colonialism,plantagehuis,1.0,core_problem,plantage-eigenaren,0.7633,2,0
Historical_Slavery_Colonialism,plantageslaven,1.0,core_problem,planters,0.8032,5,0
Historical_Slavery_Colonialism,plantagesysteem,1.0,core_problem,plantagesysteem,1.0,6,1
Historical_Slavery_Colonialism,plantagewerk,1.0,core_problem,plantagesysteem,0.8277,2,0
Historical_Slavery_Colonialism,plantagewoning,1.0,core_problem,plantage-eigenaren,0.7866,2,0
Historical_Slavery_Colonialism,plantation,1.0,core_problem,planters,0.7677,2,0
Historical_Slavery_Colonialism,planten,1.0,core_problem,planters,0.7645,15,0
Historical_Slavery_Colonialism,planter,1.0,core_problem,planters,0.9127,18,0
Historical_Slavery_Colonialism,planters,1.0,core_problem,planters,1.0,124,1
Historical_Slavery_Colonialism,rassendiscriminatie,1.0,core_problem,rassendiscriminatie,1.0,5,1
Historical_Slavery_Colonialism,schaffing,1.0,core_problem,afschaffing,0.8819,2,0
Historical_Slavery_Colonialism,slaaf,1.0,core_problem,slaaf,1.0,327,1
Historical_Slavery_Colonialism,slaaf-,1.0,core_problem,slaaf,0.9245,15,0
Historical_Slavery_Colonialism,slaaf-gemaakten,1.0,core_problem,slaafgemaakten,0.9409,27,0
Historical_Slavery_Colonialism,slaafge-,1.0,core_problem,slaaf,0.7843,3,0
Historical_Slavery_Colonialism,slaafgemaak-,1.0,core_problem,slaaf,0.7509,2,0
Historical_Slavery_Colonialism,slaafgemaakten,1.0,core_problem,slaafgemaakten,1.0,345,1
Historical_Slavery_Colonialism,slaaven,1.0,core_problem,slaaf,0.7516,23,0
Historical_Slavery_Colonialism,slaavenhandel,1.0,core_problem,slavenhandel,0.7913,2,0
Historical_Slavery_Colonialism,slaven,1.0,core_problem,slaven,1.0,479,1
Historical_Slavery_Colonialism,slaven-,1.0,core_problem,slaven,0.9278,7,0
Historical_Slavery_Colonialism,slavenemancipatie,1.0,core_problem,emancipatie,0.8399,6,0
Historical_Slavery_Colonialism,slavenhandel,1.0,core_problem,slavenhandel,1.0,400,1
Historical_Slavery_Colonialism,slavenhandels-,1.0,core_problem,slavenhandel,0.8672,2,0
Historical_Slavery_Colonialism,slavenhandelsnaties,1.0,core_problem,slavenhandel,0.8587,4,0
Historical_Slavery_Colonialism,slavenhoudende,1.0,core_problem,slaven,0.7909,14,0
Historical_Slavery_Colonialism,slavenkoloniën,1.0,core_problem,koloniën,0.7911,4,0
Historical_Slavery_Colonialism,slavennaam,1.0,core_problem,slaven,0.751,3,0
Historical_Slavery_Colonialism,slavenverleden,1.0,core_problem,slavernijverleden,0.7993,2,0
Historical_Slavery_Colonialism,slavenverstand,1.0,core_problem,slaven,0.8005,3,0
Historical_Slavery_Colonialism,slavernij,1.0,core_problem,slavernij,1.0,775,1
Historical_Slavery_Colonialism,slavernij-,1.0,core_problem,slavernij,0.9593,13,0
Historical_Slavery_Colonialism,slavernijdebat,1.0,core_problem,slavernij,0.8225,2,0
Historical_Slavery_Colonialism,slavernijgerelateerde,1.0,core_problem,slavernij,0.9017,4,0
Historical_Slavery_Colonialism,slavernijperiode,1.0,core_problem,slavernijverleden,0.8209,4,0
Historical_Slavery_Colonialism,slavernijverle-,1.0,core_problem,slavernij,0.8416,3,0
Historical_Slavery_Colonialism,slavernijverleden,1.0,core_problem,slavernijverleden,1.0,231,1
Historical_Slavery_Colonialism,slavin,1.0,core_problem,slaven,0.7968,7,0
Historical_Slavery_Colonialism,totslaafgemaakten,1.0,core_problem,slaafgemaakten,0.8229,3,0
Historical_Slavery_Colonialism,verschaffen,1.0,core_problem,afschaffing,0.8305,10,0
Historical_Slavery_Colonialism,verveling,1.0,core_problem,afschaffing,0.752,4,0
Historical_Slavery_Colonialism,verwerven,1.0,core_problem,afschaffing,0.767,16,0
Historical_Slavery_Colonialism,voc,1.0,core_problem,voc,1.0,162,1
Historical_Slavery_Colonialism,voc-,1.0,core_problem,voc,0.9637,16,0
Historical_Slavery_Colonialism,voc-beambten,1.0,core_problem,voc,0.7699,2,0
Historical_Slavery_Colonialism,voc-bestuurders,1.0,core_problem,voc,0.7515,3,0
Historical_Slavery_Colonialism,voc-dienaren,1.0,core_problem,voc,0.7582,11,0
Historical_Slavery_Colonialism,voc-functionarissen,1.0,core_problem,voc,0.7546,3,0
Historical_Slavery_Colonialism,voc-gebied,1.0,core_problem,voc,0.7521,4,0
Historical_Slavery_Colonialism,voc-imperium,1.0,core_problem,voc,0.7619,4,0
Historical_Slavery_Colonialism,voc-koloniën,1.0,core_problem,koloniën,0.7655,2,0
Historical_Slavery_Colonialism,voc-medewerkers,1.0,core_problem,voc,0.7936,2,0
Historical_Slavery_Colonialism,voc-vestigingen,1.0,core_problem,voc,0.814,2,0
Historical_Slavery_Colonialism,wic,1.0,core_problem,wic,1.0,141,1
Historical_Slavery_Colonialism,wic-,1.0,core_problem,wic,0.9708,5,0
Historical_Slavery_Colonialism,wic-bezit,1.0,core_problem,wic,0.804,2,0
Historical_Slavery_Colonialism,anti-racisme,0.95,strong_problem,raciale,0.7437,3,0
Historical_Slavery_Colonialism,anti-racistisch,0.95,strong_problem,raciale,0.7419,3,0
Historical_Slavery_Colonialism,antiracisme,0.95,strong_problem,raciale,0.7415,6,0
Historical_Slavery_Colonialism,antiracisme-,0.95,strong_problem,raciale,0.7464,2,0
Historical_Slavery_Colonialism,beschaving,0.95,strong_problem,beschaving,1.0,15,1
Historical_Slavery_Colonialism,co-kolonisten,0.95,strong_problem,kolonisten,0.8424,2,0
Historical_Slavery_Colonialism,dekoloniaal,0.95,strong_problem,koloniale,0.8224,2,0
Historical_Slavery_Colonialism,dwangarbeid,0.95,strong_problem,dwangarbeid,1.0,27,1
Historical_Slavery_Colonialism,dwangarbeiders,0.95,strong_problem,dwangarbeid,0.827,8,0
Historical_Slavery_Colonialism,dékoloniale,0.95,strong_problem,koloniale,0.8785,2,0
Historical_Slavery_Colonialism,handelaren,0.95,strong_problem,slavenhandelaren,0.7283,82,0
Historical_Slavery_Colonialism,handelsschepen,0.95,strong_problem,slavenschepen,0.7255,3,0
Historical_Slavery_Colonialism,hiërarchie,0.95,strong_problem,hiërarchie,1.0,16,1
Historical_Slavery_Colonialism,hiërarchieën,0.95,strong_problem,hiërarchie,0.8015,2,0
Historical_Slavery_Colonialism,hiërarchisch,0.95,strong_problem,hiërarchie,0.7748,6,0
Historical_Slavery_Colonialism,hiërarchische,0.95,strong_problem,hiërarchie,0.7641,10,0
Historical_Slavery_Colonialism,inferioriteit,0.95,strong_problem,inferioriteit,1.0,6,1
Historical_Slavery_Colonialism,kaapkolonie,0.95,strong_problem,kolonie,0.8093,9,0
Historical_Slavery_Colonialism,kaperschepen,0.95,strong_problem,slavenschepen,0.8426,2,0
Historical_Slavery_Colonialism,kaperschip,0.95,strong_problem,slavenschip,0.8532,3,0
Historical_Slavery_Colonialism,katoenplantages,0.95,strong_problem,katoenplantages,1.0,5,1
Historical_Slavery_Colonialism,koffiebomen,0.95,strong_problem,koffieplantage,0.8081,2,0
Historical_Slavery_Colonialism,koffieplantage,0.95,strong_problem,koffieplantage,1.0,13,1
Historical_Slavery_Colonialism,koffieplantages,0.95,strong_problem,koffieplantage,0.9587,5,0
Historical_Slavery_Colonialism,koloniaal,0.95,strong_problem,koloniale,0.9781,77,0
Historical_Slavery_Colonialism,koloniale,0.95,strong_problem,koloniale,1.0,524,1
Historical_Slavery_Colonialism,koloniale-,0.95,strong_problem,koloniale,0.9819,2,0
Historical_Slavery_Colonialism,kolonialen,0.95,strong_problem,kolonisten,0.9085,4,0
Historical_Slavery_Colonialism,kolonie,0.95,strong_problem,kolonie,1.0,207,1
Historical_Slavery_Colonialism,kolonien,0.95,strong_problem,kolonisten,0.9085,21,0
Historical_Slavery_Colonialism,kolonisatie,0.95,strong_problem,kolonisatie,1.0,23,1
Historical_Slavery_Colonialism,kolonisatie-,0.95,strong_problem,kolonisatie,0.9721,2,0
Historical_Slavery_Colonialism,kolonisatieplannen,0.95,strong_problem,kolonisatie,0.7676,2,0
Historical_Slavery_Colonialism,kolonisator,0.95,strong_problem,kolonisten,0.717,11,0
Historical_Slavery_Colonialism,kolonisatoren,0.95,strong_problem,kolonisten,0.7871,9,0
Historical_Slavery_Colonialism,koloniseren,0.95,strong_problem,kolonisatie,0.9202,3,0
Historical_Slavery_Colonialism,koloniserende,0.95,strong_problem,kolonisatie,0.8581,2,0
Historical_Slavery_Colonialism,kolonisten,0.95,strong_problem,kolonisten,1.0,62,1
Historical_Slavery_Colonialism,koopvaardijschepen,0.95,strong_problem,slavenschepen,0.8002,2,0
Historical_Slavery_Colonialism,laat-koloniale,0.95,strong_problem,koloniale,0.776,2,0
Historical_Slavery_Colonialism,marineschepen,0.95,strong_problem,slavenschepen,0.7853,4,0
Historical_Slavery_Colonialism,marineschip,0.95,strong_problem,slavenschip,0.7861,6,0
Historical_Slavery_Colonialism,ontdekking,0.95,strong_problem,beschaving,0.7488,6,0
Historical_Slavery_Colonialism,oorlogsschepen,0.95,strong_problem,slavenschepen,0.7957,7,0
Historical_Slavery_Colonialism,oorlogsschip,0.95,strong_problem,slavenschip,0.775,7,0
Historical_Slavery_Colonialism,plantagearbeid,0.95,strong_problem,plantageslavernij,0.7568,4,0
Historical_Slavery_Colonialism,plantagelandbouw,0.95,strong_problem,plantagesamenleving,0.7743,8,0
Historical_Slavery_Colonialism,plantageleven,0.95,strong_problem,plantagesamenleving,0.8122,5,0
Historical_Slavery_Colonialism,plantages,0.95,strong_problem,plantagesamenleving,0.8109,214,0
Historical_Slavery_Colonialism,plantagesamenleving,0.95,strong_problem,plantagesamenleving,1.0,4,1
Historical_Slavery_Colonialism,plantageslavernij,0.95,strong_problem,plantageslavernij,1.0,3,1
Historical_Slavery_Colonialism,planterssamenleving,0.95,strong_problem,plantagesamenleving,0.8473,2,0
Historical_Slavery_Colonialism,postkoloniaal,0.95,strong_problem,koloniale,0.8211,4,0
Historical_Slavery_Colonialism,prioriteit,0.95,strong_problem,superioriteit,0.8354,18,0
Historical_Slavery_Colonialism,raciaal,0.95,strong_problem,raciaal,1.0,6,1
Historical_Slavery_Colonialism,raciale,0.95,strong_problem,raciale,1.0,29,1
Historical_Slavery_Colonialism,racism,0.95,strong_problem,raciale,0.7722,5,0
Historical_Slavery_Colonialism,racist,0.95,strong_problem,raciaal,0.7568,2,0
Historical_Slavery_Colonialism,scheepskapiteins,0.95,strong_problem,slavenschepen,0.7389,2,0
Historical_Slavery_Colonialism,schepen,0.95,strong_problem,slavenschepen,0.8591,165,0
Historical_Slavery_Colonialism,schepenen,0.95,strong_problem,slavenschepen,0.8341,6,0
Historical_Slavery_Colonialism,schip,0.95,strong_problem,slavenschip,0.8541,143,0
Historical_Slavery_Colonialism,schiphol,0.95,strong_problem,slavenschip,0.7388,3,0
Historical_Slavery_Colonialism,schipper,0.95,strong_problem,slavenschip,0.7281,10,0
Historical_Slavery_Colonialism,slaaf-gemaakt,0.95,strong_problem,slaafgemaakte,0.8827,2,0
Historical_Slavery_Colonialism,slaaf-gemaakte,0.95,strong_problem,slaafgemaakte,0.9095,9,0
Historical_Slavery_Colonialism,slaafgemaakt,0.95,strong_problem,slaafgemaakte,0.8907,13,0
Historical_Slavery_Colonialism,slaafgemaakte,0.95,strong_problem,slaafgemaakte,1.0,144,1
Historical_Slavery_Colonialism,slavenbezit,0.95,strong_problem,slavenhouders,0.7632,2,0
Historical_Slavery_Colonialism,slavenbezitters,0.95,strong_problem,slavenhandelaren,0.8489,2,0
Historical_Slavery_Colonialism,slavendrijver,0.95,strong_problem,slavenhalers,0.7446,2,0
Historical_Slavery_Colonialism,slavendrijvers,0.95,strong_problem,slavenhouders,0.8113,2,0
Historical_Slavery_Colonialism,slaveneigenaars,0.95,strong_problem,slavenhouders,0.8408,4,0
Historical_Slavery_Colonialism,slaveneigenaren,0.95,strong_problem,slavenhouders,0.7187,35,0
Historical_Slavery_Colonialism,slavenhaler,0.95,strong_problem,slavenhalers,0.8794,6,0
Historical_Slavery_Colonialism,slavenhalers,0.95,strong_problem,slavenhalers,1.0,27,1
Historical_Slavery_Colonialism,slavenhandelaar,0.95,strong_problem,slavenhandelaren,0.8603,14,0
Historical_Slavery_Colonialism,slavenhandelaars,0.95,strong_problem,slavenhandelaren,0.9213,2,0
Historical_Slavery_Colonialism,slavenhandelaren,0.95,strong_problem,slavenhandelaren,1.0,50,1
Historical_Slavery_Colonialism,slavenhandelrederijen,0.95,strong_problem,slavenhandelaren,0.8921,2,0
Historical_Slavery_Colonialism,slavenhandelsrederij,0.95,strong_problem,slavenhandelaren,0.7566,4,0
Historical_Slavery_Colonialism,slavenhandelsrederijen,0.95,strong_problem,slavenhandelaren,0.7874,9,0
Historical_Slavery_Colonialism,slavenhoudenden,0.95,strong_problem,slavenhouders,0.8651,2,0
Historical_Slavery_Colonialism,slavenhouder,0.95,strong_problem,slavenhouders,0.891,7,0
Historical_Slavery_Colonialism,slavenhouders,0.95,strong_problem,slavenhouders,1.0,50,1
Historical_Slavery_Colonialism,slavenjacht,0.95,strong_problem,slavenschip,0.7744,2,0
Historical_Slavery_Colonialism,slavenjagers,0.95,strong_problem,slavenhalers,0.7811,4,0
Historical_Slavery_Colonialism,slavenkopers,0.95,strong_problem,slavenhandelaren,0.8203,2,0
Historical_Slavery_Colonialism,slavenleider,0.95,strong_problem,slavenhouders,0.7841,2,0
Historical_Slavery_Colonialism,slavenmaatschappij,0.95,strong_problem,slavenhouders,0.7364,15,0
Historical_Slavery_Colonialism,slavenmakelaars,0.95,strong_problem,slavenhandelaren,0.7668,3,0
Historical_Slavery_Colonialism,slavenmakers,0.95,strong_problem,slavenhouders,0.818,4,0
Historical_Slavery_Colonialism,slavenmarkt,0.95,strong_problem,slavenmarkt,1.0,11,1
Historical_Slavery_Colonialism,slavenmarkten,0.95,strong_problem,slavenmarkt,0.9522,12,0
Historical_Slavery_Colonialism,slavenrederij,0.95,strong_problem,slavenhouders,0.7606,2,0
Historical_Slavery_Colonialism,slavenrederijen,0.95,strong_problem,slavenhouders,0.7825,3,0
Historical_Slavery_Colonialism,slavenschepen,0.95,strong_problem,slavenschepen,1.0,120,1
Historical_Slavery_Colonialism,slavenschip,0.95,strong_problem,slavenschip,1.0,87,1
Historical_Slavery_Colonialism,slavenvaart,0.95,strong_problem,slavenschepen,0.7797,17,0
Historical_Slavery_Colonialism,slavenverkoop,0.95,strong_problem,slavenmarkt,0.8438,3,0
Historical_Slavery_Colonialism,smokkelschepen,0.95,strong_problem,slavenschepen,0.8281,2,0
Historical_Slavery_Colonialism,suikerplantage,0.95,strong_problem,suikerplantages,0.9646,6,0
Historical_Slavery_Colonialism,suikerplantages,0.95,strong_problem,suikerplantages,1.0,18,1
Historical_Slavery_Colonialism,suikerplanters,0.95,strong_problem,suikerplantages,0.8271,3,0
Historical_Slavery_Colonialism,suikerrietplantage,0.95,strong_problem,suikerplantages,0.8932,3,0
Historical_Slavery_Colonialism,suikerrietplantages,0.95,strong_problem,suikerplantages,0.9119,2,0
Historical_Slavery_Colonialism,suikerteelt,0.95,strong_problem,suikerplantages,0.7965,2,0
Historical_Slavery_Colonialism,superioriteit,0.95,strong_problem,superioriteit,1.0,17,1
Historical_Slavery_Colonialism,vaartuig,0.95,strong_problem,slavenschip,0.7336,4,0
Historical_Slavery_Colonialism,vaartuigen,0.95,strong_problem,slavenschepen,0.7154,3,0
Historical_Slavery_Colonialism,vroeg-koloniale,0.95,strong_problem,koloniale,0.7961,2,0
Historical_Slavery_Colonialism,zeilschepen,0.95,strong_problem,slavenschepen,0.7305,3,0
Historical_Slavery_Colonialism,zeilschip,0.95,strong_problem,slavenschip,0.7662,2,0
Historical_Slavery_Colonialism,aanneming,0.85,related_strong,afschaffing,0.7204,8,0
Historical_Slavery_Colonialism,afdwingen,0.85,related_strong,afschaffing,0.7334,3,0
Historical_Slavery_Colonialism,afwerpen,0.85,related_strong,afschaffing,0.7434,2,0
Historical_Slavery_Colonialism,antidiscriminatie-,0.85,related_strong,rassendiscriminatie,0.7457,2,0
Historical_Slavery_Colonialism,bekostiging,0.85,related_strong,afschaffing,0.7339,32,0
Historical_Slavery_Colonialism,discrimineren,0.85,related_strong,rassendiscriminatie,0.7471,8,0
Historical_Slavery_Colonialism,discriminerend,0.85,related_strong,rassendiscriminatie,0.7457,9,0
Historical_Slavery_Colonialism,discriminerende,0.85,related_strong,rassendiscriminatie,0.7165,10,0
Historical_Slavery_Colonialism,gediscrimineerde,0.85,related_strong,rassendiscriminatie,0.7343,2,0
Historical_Slavery_Colonialism,huisslaaf,0.85,related_strong,slaaf,0.7408,2,0
Historical_Slavery_Colonialism,huisslaven,0.85,related_strong,slaven,0.7431,6,0
Historical_Slavery_Colonialism,kust-koloniën,0.85,related_strong,koloniën,0.7377,2,0
Historical_Slavery_Colonialism,non-discriminatiegronden,0.85,related_strong,rassendiscriminatie,0.7462,3,0
Historical_Slavery_Colonialism,plantageproducten,0.85,related_strong,plantagesysteem,0.7388,6,0
Historical_Slavery_Colonialism,rederij,0.85,related_strong,afschaffing,0.735,18,0
Historical_Slavery_Colonialism,slaafmakers,0.85,related_strong,slaaf,0.741,5,0
Historical_Slavery_Colonialism,slavenkinderen,0.85,related_strong,slaven,0.7208,2,0
Historical_Slavery_Colonialism,slavernijmusea,0.85,related_strong,slavernijverleden,0.7197,2,0
Historical_Slavery_Colonialism,sloepen,0.85,related_strong,slaaf,0.7368,4,0
Historical_Slavery_Colonialism,uitbetaling,0.85,related_strong,afschaffing,0.7285,4,0
Historical_Slavery_Colonialism,uitgifte,0.85,related_strong,afschaffing,0.7344,6,0
Historical_Slavery_Colonialism,vermindering,0.85,related_strong,afschaffing,0.7289,6,0
Historical_Slavery_Colonialism,verscheping,0.85,related_strong,afschaffing,0.7236,7,0
Historical_Slavery_Colonialism,verschuiving,0.85,related_strong,afschaffing,0.7409,15,0
Historical_Slavery_Colonialism,voc-gebieden,0.85,related_strong,voc,0.731,3,0
Historical_Slavery_Colonialism,voc-kamer,0.85,related_strong,voc,0.7431,3,0
Historical_Slavery_Colonialism,voc-nederzettingen,0.85,related_strong,voc,0.7296,2,0
Historical_Slavery_Colonialism,vrouwenemancipatie,0.85,related_strong,emancipatie,0.7453,2,0
Historical_Slavery_Colonialism,wic-kamer,0.85,related_strong,wic,0.7143,3,0
Historical_Slavery_Colonialism,wic-monopolie,0.85,related_strong,wic,0.7366,3,0
Historical_Slavery_Colonialism,wic-schepen,0.85,related_strong,wic,0.7179,3,0
Historical_Slavery_Colonialism,arbeid,0.75,related_moderate,slavenarbeid,0.7349,125,0
Historical_Slavery_Colonialism,dekolonisatie,0.75,related_moderate,dekolonisatie,1.0,14,1
Historical_Slavery_Colonialism,dekolonisatieoorlog,0.75,related_moderate,dekolonisatie,0.7423,2,0
Historical_Slavery_Colonialism,dekolonisatieoorlogen,0.75,related_moderate,dekolonisatie,0.7545,2,0
Historical_Slavery_Colonialism,dekoloniserend,0.75,related_moderate,dekolonisatie,0.8542,2,0
Historical_Slavery_Colonialism,gedekoloniseerd,0.75,related_moderate,dekolonisatie,0.777,4,0
Historical_Slavery_Colonialism,gedekoloniseerde,0.75,related_moderate,dekolonisatie,0.7749,3,0
Historical_Slavery_Colonialism,gekoloniseerden,0.75,related_moderate,dekolonisatie,0.7505,6,0
Historical_Slavery_Colonialism,koloniaal-raciale,0.75,related_moderate,koloniaal-raciale,1.0,1,1
Historical_Slavery_Colonialism,landarbeiders,0.75,related_moderate,slavenarbeid,0.7165,2,0
Historical_Slavery_Colonialism,landbouwkolonie,0.75,related_moderate,plantagekolonie,0.7514,4,0
Historical_Slavery_Colonialism,plantage-economie,0.75,related_moderate,plantage-economie,1.0,10,1
Historical_Slavery_Colonialism,plantageareaal,0.75,related_moderate,plantage-economie,0.7562,3,0
Historical_Slavery_Colonialism,plantagekolonie,0.75,related_moderate,plantagekolonie,1.0,6,1
Historical_Slavery_Colonialism,plantagekoloniën,0.75,related_moderate,plantagekolonie,0.8372,20,0
Historical_Slavery_Colonialism,plantageproductie,0.75,related_moderate,plantage-economie,0.7463,2,0
Historical_Slavery_Colonialism,plantagesector,0.75,related_moderate,plantage-economie,0.8064,5,0
Historical_Slavery_Colonialism,rasdenken,0.75,related_moderate,rasdenken,1.0,2,1
Historical_Slavery_Colonialism,rassenconflict,0.75,related_moderate,rassenverhoudingen,0.7171,2,0
Historical_Slavery_Colonialism,rassentheorieën,0.75,related_moderate,rassentheorieën,1.0,2,1
Historical_Slavery_Colonialism,rassenverhoudingen,0.75,related_moderate,rassenverhoudingen,1.0,3,1
Historical_Slavery_Colonialism,slavenarbeid,0.75,related_moderate,slavenarbeid,1.0,17,1
Historical_Slavery_Colonialism,slavenbevrijding,0.75,related_moderate,slavenopstand,0.7773,4,0
Historical_Slavery_Colonialism,slavenmacht,0.75,related_moderate,slavenverzet,0.7326,8,0
Historical_Slavery_Colonialism,slavenopstand,0.75,related_moderate,slavenopstand,1.0,24,1
Historical_Slavery_Colonialism,slavenopstanden,0.75,related_moderate,slavenopstand,0.8124,12,0
Historical_Slavery_Colonialism,slavenverzet,0.75,related_moderate,slavenverzet,1.0,6,1
Historical_Slavery_Colonialism,slavernijcomplex,0.75,related_moderate,slavernijsysteem,0.8044,2,0
Historical_Slavery_Colonialism,slavernijgeschiedenis,0.75,related_moderate,slavernijgeschiedenis,1.0,29,1
Historical_Slavery_Colonialism,slavernijpolitiek,0.75,related_moderate,slavernijsysteem,0.8498,2,0
Historical_Slavery_Colonialism,slavernijsysteem,0.75,related_moderate,slavernijsysteem,1.0,25,1
Historical_Slavery_Colonialism,superioriteitsdenken,0.75,related_moderate,superioriteitsdenken,1.0,2,1
Historical_Slavery_Colonialism,superioriteitsgevoel,0.75,related_moderate,superioriteitsgevoel,1.0,3,1
Historical_Slavery_Colonialism,geschiedenis,0.55,era_context,geschiedenis,1.0,316,1
Historical_Slavery_Colonialism,geschiedenis-,0.55,era_context,geschiedenis,0.9438,2,0
Historical_Slavery_Colonialism,geschiedenisboek,0.55,era_context,geschiedenis,0.7541,3,0
Historical_Slavery_Colonialism,geschiedenissen,0.55,era_context,geschiedenis,0.8485,17,0
Historical_Slavery_Colonialism,historica,0.55,era_context,geschiedenis,0.783,3,0
Historical_Slavery_Colonialism,historical,0.55,era_context,geschiedenis,0.8672,3,0
Historical_Slavery_Colonialism,historici,0.55,era_context,geschiedenis,0.7328,69,0
Historical_Slavery_Colonialism,historicus,0.55,era_context,geschiedenis,0.7378,72,0
Historical_Slavery_Colonialism,historie,0.55,era_context,geschiedenis,0.9247,4,0
Historical_Slavery_Colonialism,historisch,0.55,era_context,geschiedenis,0.7319,83,0
Historical_Slavery_Colonialism,history,0.55,era_context,geschiedenis,0.8874,9,0
Historical_Slavery_Colonialism,schiedenis,0.55,era_context,geschiedenis,0.9059,3,0
Historical_Slavery_Colonialism,verleden,0.55,era_context,geschiedenis,0.7854,229,0
Historical_Slavery_Colonialism,voorgeschiedenis,0.55,era_context,geschiedenis,0.7989,5,0
Structural_Continuity_Neocolonial,dekoloniaal,1.0,core_problem,postkoloniale,0.7782,2,0
Structural_Continuity_Neocolonial,doorontwikkeling,1.0,core_problem,onderontwikkeling,0.7708,12,0
Structural_Continuity_Neocolonial,doorwerking,1.0,core_problem,doorwerking,1.0,75,1
Structural_Continuity_Neocolonial,doorwerkingen,1.0,core_problem,doorwerkingen,1.0,83,1
Structural_Continuity_Neocolonial,dékoloniale,1.0,core_problem,postkoloniale,0.8155,2,0
Structural_Continuity_Neocolonial,erfenis,1.0,core_problem,erfenis,1.0,52,1
Structural_Continuity_Neocolonial,erfenissen,1.0,core_problem,erfenissen,1.0,29,1
Structural_Continuity_Neocolonial,koloniaal,1.0,core_problem,postkoloniale,0.8665,77,0
Structural_Continuity_Neocolonial,koloniale-,1.0,core_problem,postkoloniale,0.8567,2,0
Structural_Continuity_Neocolonial,kolonialen,1.0,core_problem,postkoloniale,0.7818,4,0
Structural_Continuity_Neocolonial,kolonies,1.0,core_problem,postkoloniale,0.7755,6,0
Structural_Continuity_Neocolonial,kolonisatie-,1.0,core_problem,postkoloniale,0.7634,2,0
Structural_Continuity_Neocolonial,laat-koloniale,1.0,core_problem,postkoloniale,0.8206,2,0
Structural_Continuity_Neocolonial,neokoloniale,1.0,core_problem,neokoloniale,1.0,2,1
Structural_Continuity_Neocolonial,onderbouw,1.0,core_problem,onderontwikkeling,0.8546,3,0
Structural_Continuity_Neocolonial,onderbouwd,1.0,core_problem,onderontwikkeling,0.752,7,0
Structural_Continuity_Neocolonial,onderbouwen,1.0,core_problem,onderontwikkeling,0.8094,4,0
Structural_Continuity_Neocolonial,onderbouwing,1.0,core_problem,onderontwikkeling,0.7659,12,0
Structural_Continuity_Neocolonial,onderontwikkeld,1.0,core_problem,onderontwikkeling,0.8475,2,0
Structural_Continuity_Neocolonial,onderontwikkeling,1.0,core_problem,onderontwikkeling,1.0,2,1
Structural_Continuity_Neocolonial,postkoloniaal,1.0,core_problem,postkoloniale,0.9762,4,0
Structural_Continuity_Neocolonial,postkoloniale,1.0,core_problem,postkoloniale,1.0,18,1
Structural_Continuity_Neocolonial,slavernijerfenis,1.0,core_problem,slavernijerfenis,1.0,1,1
Structural_Continuity_Neocolonial,slavernijerfgoed,1.0,core_problem,slavernijerfenis,0.7882,2,0
Structural_Continuity_Neocolonial,structureel,1.0,core_problem,structureel,1.0,79,1
Structural_Continuity_Neocolonial,structurele,1.0,core_problem,structurele,1.0,94,1
Structural_Continuity_Neocolonial,vroeg-koloniale,1.0,core_problem,postkoloniale,0.8192,2,0
Structural_Continuity_Neocolonial,werkingen,1.0,core_problem,doorwerkingen,0.8783,4,0
Structural_Continuity_Neocolonial,aantrekken,0.95,strong_problem,doorwerken,0.6775,13,0
Structural_Continuity_Neocolonial,aanvoer,0.95,strong_problem,uitstroom,0.7967,57,0
Structural_Continuity_Neocolonial,aanwas,0.95,strong_problem,uitbuiting,0.6979,2,0
Structural_Continuity_Neocolonial,achterstandspositie,0.95,strong_problem,achterstandspositie,1.0,2,1
Structural_Continuity_Neocolonial,afbreking,0.95,strong_problem,uitbuiting,0.6993,5,0
Structural_Continuity_Neocolonial,afdoende,0.95,strong_problem,voortdurend,0.7102,13,0
Structural_Continuity_Neocolonial,afgaand,0.95,strong_problem,voortdurend,0.6982,2,0
Structural_Continuity_Neocolonial,afhankelijkheid,0.95,strong_problem,afhankelijkheid,1.0,17,1
Structural_Continuity_Neocolonial,afhankelijkheidsrelatie,0.95,strong_problem,afhankelijkheidsrelatie,1.0,3,1
Structural_Continuity_Neocolonial,afkeer,0.95,strong_problem,uitstroom,0.6965,12,0
Structural_Continuity_Neocolonial,aflopen,0.95,strong_problem,uitstroom,0.6735,3,0
Structural_Continuity_Neocolonial,aflossing,0.95,strong_problem,uitstroom,0.6919,10,0
Structural_Continuity_Neocolonial,afrondende,0.95,strong_problem,voortdurend,0.6949,2,0
Structural_Continuity_Neocolonial,afronding,0.95,strong_problem,uitstroom,0.6777,7,0
Structural_Continuity_Neocolonial,afstroom,0.95,strong_problem,uitstroom,0.8548,2,0
Structural_Continuity_Neocolonial,afweken,0.95,strong_problem,uitstroom,0.6834,2,0
Structural_Continuity_Neocolonial,afzet,0.95,strong_problem,uitstroom,0.6819,3,0
Structural_Continuity_Neocolonial,alledaags,0.95,strong_problem,hedendaagse,0.6963,14,0
Structural_Continuity_Neocolonial,alledaagse,0.95,strong_problem,hedendaagse,0.8102,15,0
Structural_Continuity_Neocolonial,arbeidsmigranten,0.95,strong_problem,emigratie,0.6771,4,0
Structural_Continuity_Neocolonial,arriveerde,0.95,strong_problem,gemarginaliseerde,0.6784,10,0
Structural_Continuity_Neocolonial,asielmigranten,0.95,strong_problem,emigratie,0.6918,2,0
Structural_Continuity_Neocolonial,avonds,0.95,strong_problem,hedendaagse,0.6702,12,0
Structural_Continuity_Neocolonial,bezetting,0.95,strong_problem,uitbuiting,0.6989,30,0
Structural_Continuity_Neocolonial,blijft,0.95,strong_problem,voortdurende,0.6876,102,0
Structural_Continuity_Neocolonial,blijvend,0.95,strong_problem,voortdurend,0.679,9,0
Structural_Continuity_Neocolonial,blijvende,0.95,strong_problem,voortdurende,0.7099,9,0
Structural_Continuity_Neocolonial,chroni-,0.95,strong_problem,chronische,0.8625,2,0
Structural_Continuity_Neocolonial,chronisch,0.95,strong_problem,chronische,0.9703,8,0
Structural_Continuity_Neocolonial,chronische,0.95,strong_problem,chronische,1.0,17,1
Structural_Continuity_Neocolonial,chronologie,0.95,strong_problem,chronische,0.7604,2,0
Structural_Continuity_Neocolonial,chronologische,0.95,strong_problem,chronische,0.8832,3,0
Structural_Continuity_Neocolonial,continueren,0.95,strong_problem,voortdurend,0.7218,5,0
Structural_Continuity_Neocolonial,continuering,0.95,strong_problem,voortdurende,0.6809,3,0
Structural_Continuity_Neocolonial,daagelijks,0.95,strong_problem,hedendaagse,0.803,3,0
Structural_Continuity_Neocolonial,daags,0.95,strong_problem,hedendaagse,0.7729,2,0
Structural_Continuity_Neocolonial,daagse,0.95,strong_problem,hedendaagse,0.6766,4,0
Structural_Continuity_Neocolonial,dagelijks,0.95,strong_problem,hedendaagse,0.6786,58,0
Structural_Continuity_Neocolonial,deportatie,0.95,strong_problem,emigratie,0.7282,2,0
Structural_Continuity_Neocolonial,diepgeworteld,0.95,strong_problem,diepgewortelde,0.7625,2,0
Structural_Continuity_Neocolonial,diepgewortelde,0.95,strong_problem,diepgewortelde,1.0,8,1
Structural_Continuity_Neocolonial,diepgravend,0.95,strong_problem,diepgewortelde,0.7031,2,0
Structural_Continuity_Neocolonial,doorgaat,0.95,strong_problem,doorwerkt,0.6796,3,0
Structural_Continuity_Neocolonial,doorgeschoven,0.95,strong_problem,doorwerkt,0.6705,6,0
Structural_Continuity_Neocolonial,doorgevoerd,0.95,strong_problem,doorwerkt,0.7348,14,0
Structural_Continuity_Neocolonial,doorgevoerde,0.95,strong_problem,doorwerkt,0.71,2,0
Structural_Continuity_Neocolonial,doorgewerkt,0.95,strong_problem,doorwerkt,0.7908,2,0
Structural_Continuity_Neocolonial,doorlopende,0.95,strong_problem,doorwerken,0.6994,6,0
Structural_Continuity_Neocolonial,doorstroom,0.95,strong_problem,uitstroom,0.7098,14,0
Structural_Continuity_Neocolonial,doorstroom-,0.95,strong_problem,uitstroom,0.686,4,0
Structural_Continuity_Neocolonial,doorverwijzen,0.95,strong_problem,doorwerken,0.6803,2,0
Structural_Continuity_Neocolonial,doorvoeren,0.95,strong_problem,doorwerken,0.7346,5,0
Structural_Continuity_Neocolonial,doorwerken,0.95,strong_problem,doorwerken,1.0,10,1
Structural_Continuity_Neocolonial,doorwerkt,0.95,strong_problem,doorwerkt,1.0,2,1
Structural_Continuity_Neocolonial,duiding,0.95,strong_problem,uitstroom,0.6723,6,0
Structural_Continuity_Neocolonial,durend,0.95,strong_problem,voortdurend,0.8184,2,0
Structural_Continuity_Neocolonial,durende,0.95,strong_problem,voortdurende,0.8614,3,0
Structural_Continuity_Neocolonial,emigranten,0.95,strong_problem,emigratie,0.8948,6,0
Structural_Continuity_Neocolonial,emigratie,0.95,strong_problem,emigratie,1.0,15,1
Structural_Continuity_Neocolonial,expeditie,0.95,strong_problem,emigratie,0.68,6,0
Structural_Continuity_Neocolonial,extractie,0.95,strong_problem,extractie,1.0,2,1
Structural_Continuity_Neocolonial,extractiekapitalisme,0.95,strong_problem,extractiekapitalisme,1.0,1,1
Structural_Continuity_Neocolonial,extractieve,0.95,strong_problem,extractieve,1.0,1,1
Structural_Continuity_Neocolonial,gedecentraliseerde,0.95,strong_problem,gemarginaliseerde,0.7368,3,0
Structural_Continuity_Neocolonial,gedurende,0.95,strong_problem,voortdurend,0.7018,119,0
Structural_Continuity_Neocolonial,gemarginaliseerd,0.95,strong_problem,gemarginaliseerd,1.0,4,1
Structural_Continuity_Neocolonial,gemarginaliseerde,0.95,strong_problem,gemarginaliseerde,1.0,12,1
Structural_Continuity_Neocolonial,gerealiseerd,0.95,strong_problem,gemarginaliseerde,0.684,25,0
Structural_Continuity_Neocolonial,gerealiseerde,0.95,strong_problem,gemarginaliseerde,0.7031,7,0
Structural_Continuity_Neocolonial,gewortelde,0.95,strong_problem,diepgewortelde,0.7696,2,0
Structural_Continuity_Neocolonial,hedendaags,0.95,strong_problem,hedendaagse,0.7016,17,0
Structural_Continuity_Neocolonial,hedendaagse,0.95,strong_problem,hedendaagse,1.0,78,1
Structural_Continuity_Neocolonial,hervatten,0.95,strong_problem,doorwerken,0.6691,3,0
Structural_Continuity_Neocolonial,ijdig,0.95,strong_problem,voortdurende,0.6996,2,0
Structural_Continuity_Neocolonial,immigranten,0.95,strong_problem,emigratie,0.7976,22,0
Structural_Continuity_Neocolonial,immigratie,0.95,strong_problem,emigratie,0.9252,49,0
Structural_Continuity_Neocolonial,immigratiedienst,0.95,strong_problem,emigratie,0.7347,2,0
Structural_Continuity_Neocolonial,immigratiegeschiedenis,0.95,strong_problem,emigratie,0.7392,2,0
Structural_Continuity_Neocolonial,instroming,0.95,strong_problem,uitstroom,0.7312,6,0
Structural_Continuity_Neocolonial,intrekking,0.95,strong_problem,uitstroom,0.6795,4,0
Structural_Continuity_Neocolonial,kortdurend,0.95,strong_problem,voortdurend,0.7241,3,0
Structural_Continuity_Neocolonial,kortdurende,0.95,strong_problem,voortdurende,0.8112,2,0
Structural_Continuity_Neocolonial,kortstondige,0.95,strong_problem,voortdurende,0.7514,2,0
Structural_Continuity_Neocolonial,marginaal,0.95,strong_problem,marginalisatie,0.849,3,0
Structural_Continuity_Neocolonial,marginale,0.95,strong_problem,marginalisatie,0.8482,4,0
Structural_Continuity_Neocolonial,marginalisatie,0.95,strong_problem,marginalisatie,1.0,4,1
Structural_Continuity_Neocolonial,meebouwen,0.95,strong_problem,doorwerken,0.6821,2,0
Structural_Continuity_Neocolonial,migranten,0.95,strong_problem,emigratie,0.776,43,0
Structural_Continuity_Neocolonial,migranten-,0.95,strong_problem,emigratie,0.7569,2,0
Structural_Continuity_Neocolonial,migratie,0.95,strong_problem,emigratie,0.9146,27,0
Structural_Continuity_Neocolonial,migratieachtergrond,0.95,strong_problem,emigratie,0.702,17,0
Structural_Continuity_Neocolonial,migratiegeschiedenis,0.95,strong_problem,emigratie,0.6719,2,0
Structural_Continuity_Neocolonial,migratiestromen,0.95,strong_problem,emigratie,0.6749,2,0
Structural_Continuity_Neocolonial,nachts,0.95,strong_problem,hedendaagse,0.6747,7,0
Structural_Continuity_Neocolonial,nauwelijks,0.95,strong_problem,voortdurende,0.6799,153,0
Structural_Continuity_Neocolonial,onafhankelijkheid,0.95,strong_problem,afhankelijkheid,0.9524,25,0
Structural_Continuity_Neocolonial,onafhankelijkheidsstrijd,0.95,strong_problem,afhankelijkheid,0.6835,2,0
Structural_Continuity_Neocolonial,onafhankelijkheidsverklaring,0.95,strong_problem,afhankelijkheid,0.7056,2,0
Structural_Continuity_Neocolonial,onderbroken,0.95,strong_problem,voortdurend,0.7508,2,0
Structural_Continuity_Neocolonial,ononderbroken,0.95,strong_problem,voortdurend,0.6701,3,0
Structural_Continuity_Neocolonial,ontduiking,0.95,strong_problem,uitbuiting,0.706,3,0
Structural_Continuity_Neocolonial,ontheemding,0.95,strong_problem,uitbuiting,0.6983,2,0
Structural_Continuity_Neocolonial,ontheffing,0.95,strong_problem,uitbuiting,0.7471,4,0
Structural_Continuity_Neocolonial,ontslag,0.95,strong_problem,uitbuiting,0.73,23,0
Structural_Continuity_Neocolonial,ontsporing,0.95,strong_problem,uitbuiting,0.6948,3,0
Structural_Continuity_Neocolonial,onttrekken,0.95,strong_problem,uitbuiting,0.7239,4,0
Structural_Continuity_Neocolonial,onttrekking,0.95,strong_problem,uitbuiting,0.741,2,0
Structural_Continuity_Neocolonial,onttrekkingen,0.95,strong_problem,uitbuiting,0.7467,2,0
Structural_Continuity_Neocolonial,ontvoering,0.95,strong_problem,uitbuiting,0.6969,4,0
Structural_Continuity_Neocolonial,ontzet,0.95,strong_problem,uitbuiting,0.7635,3,0
Structural_Continuity_Neocolonial,ontzetting,0.95,strong_problem,uitbuiting,0.7604,3,0
Structural_Continuity_Neocolonial,opbouwen,0.95,strong_problem,doorwerken,0.7013,8,0
Structural_Continuity_Neocolonial,opheffing,0.95,strong_problem,uitbuiting,0.7161,32,0
Structural_Continuity_Neocolonial,oplopend,0.95,strong_problem,voortdurend,0.7357,2,0
Structural_Continuity_Neocolonial,overtuigen,0.95,strong_problem,uitbuiting,0.6875,11,0
Structural_Continuity_Neocolonial,periodieke,0.95,strong_problem,chronische,0.6799,11,0
Structural_Continuity_Neocolonial,remigratie,0.95,strong_problem,emigratie,0.9241,2,0
Structural_Continuity_Neocolonial,sturend,0.95,strong_problem,voortdurend,0.7881,4,0
Structural_Continuity_Neocolonial,tijdige,0.95,strong_problem,voortdurende,0.678,2,0
Structural_Continuity_Neocolonial,toestroom,0.95,strong_problem,uitstroom,0.6696,6,0
Structural_Continuity_Neocolonial,toevoer,0.95,strong_problem,uitstroom,0.6696,4,0
Structural_Continuity_Neocolonial,tussentijds,0.95,strong_problem,voortdurende,0.6918,2,0
Structural_Continuity_Neocolonial,tussentijdse,0.95,strong_problem,voortdurende,0.6842,2,0
Structural_Continuity_Neocolonial,uit-,0.95,strong_problem,uitstroom,0.7056,31,0
Structural_Continuity_Neocolonial,uitbannen,0.95,strong_problem,uitbuiting,0.753,6,0
Structural_Continuity_Neocolonial,uitbanning,0.95,strong_problem,uitbuiting,0.7961,3,0
Structural_Continuity_Neocolonial,uitbarsten,0.95,strong_problem,uitbuiting,0.6939,2,0
Structural_Continuity_Neocolonial,uitbarsting,0.95,strong_problem,uitbuiting,0.757,3,0
Structural_Continuity_Neocolonial,uitbarstingen,0.95,strong_problem,uitbuiting,0.7131,2,0
Structural_Continuity_Neocolonial,uitblijvend,0.95,strong_problem,voortdurend,0.7472,2,0
Structural_Continuity_Neocolonial,uitbraken,0.95,strong_problem,uitbuiting,0.7061,2,0
Structural_Continuity_Neocolonial,uitbreken,0.95,strong_problem,uitbuiting,0.7203,15,0
Structural_Continuity_Neocolonial,uitbrengen,0.95,strong_problem,uitbuiting,0.7211,2,0
Structural_Continuity_Neocolonial,uitbuiting,0.95,strong_problem,uitbuiting,1.0,30,1
Structural_Continuity_Neocolonial,uitdagende,0.95,strong_problem,voortdurend,0.6727,3,0
Structural_Continuity_Neocolonial,uitgaande,0.95,strong_problem,voortdurend,0.6975,9,0
Structural_Continuity_Neocolonial,uitgaat,0.95,strong_problem,uitstroom,0.677,5,0
Structural_Continuity_Neocolonial,uitgang,0.95,strong_problem,uitstroom,0.7499,3,0
Structural_Continuity_Neocolonial,uitge-,0.95,strong_problem,uitstroom,0.7411,8,0
Structural_Continuity_Neocolonial,uitgekeerd,0.95,strong_problem,uitstroom,0.6757,9,0
Structural_Continuity_Neocolonial,uitgeloot,0.95,strong_problem,uitbuiting,0.7111,2,0
Structural_Continuity_Neocolonial,uitgeputte,0.95,strong_problem,uitstroom,0.701,2,0
Structural_Continuity_Neocolonial,uitgevoerde,0.95,strong_problem,uitstroom,0.7053,18,0
Structural_Continuity_Neocolonial,uitging,0.95,strong_problem,uitbuiting,0.7074,4,0
Structural_Continuity_Neocolonial,uiting,0.95,strong_problem,uitbuiting,0.7198,28,0
Structural_Continuity_Neocolonial,uitkomen,0.95,strong_problem,uitbuiting,0.7608,8,0
Structural_Continuity_Neocolonial,uitkomt,0.95,strong_problem,uitstroom,0.6948,2,0
Structural_Continuity_Neocolonial,uitlatingen,0.95,strong_problem,uitbuiting,0.7326,2,0
Structural_Continuity_Neocolonial,uitmaken,0.95,strong_problem,uitbuiting,0.7141,20,0
Structural_Continuity_Neocolonial,uitnodigen,0.95,strong_problem,uitbuiting,0.7358,2,0
Structural_Continuity_Neocolonial,uitnodigende,0.95,strong_problem,uitbuiting,0.7735,2,0
Structural_Continuity_Neocolonial,uitputtende,0.95,strong_problem,uitstroom,0.7587,2,0
Structural_Continuity_Neocolonial,uitputting,0.95,strong_problem,uitbuiting,0.7159,4,0
Structural_Continuity_Neocolonial,uitreden,0.95,strong_problem,uitbuiting,0.7629,6,0
Structural_Continuity_Neocolonial,uitreding,0.95,strong_problem,uitstroom,0.7841,2,0
Structural_Continuity_Neocolonial,uitroeiing,0.95,strong_problem,uitbuiting,0.8741,3,0
Structural_Continuity_Neocolonial,uitroepen,0.95,strong_problem,uitbuiting,0.6973,2,0
Structural_Continuity_Neocolonial,uitsprak,0.95,strong_problem,uitbuiting,0.7054,2,0
Structural_Continuity_Neocolonial,uitstaan,0.95,strong_problem,uitbuiting,0.6992,2,0
Structural_Continuity_Neocolonial,uitstek,0.95,strong_problem,uitstroom,0.6759,13,0
Structural_Continuity_Neocolonial,uitstrekt,0.95,strong_problem,uitstroom,0.7017,4,0
Structural_Continuity_Neocolonial,uitstroming,0.95,strong_problem,uitstroom,0.8439,4,0
Structural_Continuity_Neocolonial,uitstroom,0.95,strong_problem,uitstroom,1.0,8,1
Structural_Continuity_Neocolonial,uitte,0.95,strong_problem,uitstroom,0.7253,7,0
Structural_Continuity_Neocolonial,uittocht,0.95,strong_problem,uitbuiting,0.692,4,0
Structural_Continuity_Neocolonial,uitvallen,0.95,strong_problem,uitbuiting,0.7589,2,0
Structural_Continuity_Neocolonial,uitvoe-,0.95,strong_problem,uitbuiting,0.7597,4,0
Structural_Continuity_Neocolonial,uitweg,0.95,strong_problem,uitstroom,0.6683,4,0
Structural_Continuity_Neocolonial,uitwerken,0.95,strong_problem,doorwerken,0.7978,5,0
Structural_Continuity_Neocolonial,uitwerking,0.95,strong_problem,uitbuiting,0.7561,50,0
Structural_Continuity_Neocolonial,uitwisselingen,0.95,strong_problem,uitstroom,0.681,3,0
Structural_Continuity_Neocolonial,vergaan,0.95,strong_problem,voortdurend,0.6884,3,0
Structural_Continuity_Neocolonial,vergaand,0.95,strong_problem,voortdurend,0.7462,2,0
Structural_Continuity_Neocolonial,vergoeden,0.95,strong_problem,verwaarlozing,0.6766,3,0
Structural_Continuity_Neocolonial,verliep,0.95,strong_problem,voortdurend,0.6828,11,0
Structural_Continuity_Neocolonial,verlopen,0.95,strong_problem,voortdurend,0.7388,8,0
Structural_Continuity_Neocolonial,verminking,0.95,strong_problem,verwaarlozing,0.7826,4,0
Structural_Continuity_Neocolonial,verontwaardiging,0.95,strong_problem,verwaarlozing,0.7251,9,0
Structural_Continuity_Neocolonial,verstrekte,0.95,strong_problem,voortdurend,0.6752,16,0
Structural_Continuity_Neocolonial,vervallen,0.95,strong_problem,verwaarlozing,0.6715,13,0
Structural_Continuity_Neocolonial,vervoeren,0.95,strong_problem,doorwerken,0.7166,13,0
Structural_Continuity_Neocolonial,vervolgde,0.95,strong_problem,voortdurend,0.7121,23,0
Structural_Continuity_Neocolonial,vervolgen,0.95,strong_problem,voortdurend,0.7008,2,0
Structural_Continuity_Neocolonial,verwaarlozing,0.95,strong_problem,verwaarlozing,1.0,3,1
Structural_Continuity_Neocolonial,verwerken,0.95,strong_problem,doorwerken,0.7515,12,0
Structural_Continuity_Neocolonial,verwerven,0.95,strong_problem,doorwerken,0.6722,16,0
Structural_Continuity_Neocolonial,verwijdering,0.95,strong_problem,uitbuiting,0.6931,4,0
Structural_Continuity_Neocolonial,verwondering,0.95,strong_problem,verwaarlozing,0.7074,2,0
Structural_Continuity_Neocolonial,verzetten,0.95,strong_problem,doorwerken,0.7218,18,0
Structural_Continuity_Neocolonial,voorbijgaan,0.95,strong_problem,voortdurende,0.6784,5,0
Structural_Continuity_Neocolonial,voort,0.95,strong_problem,voortdurend,0.716,47,0
Structural_Continuity_Neocolonial,voort-,0.95,strong_problem,voortdurend,0.6758,8,0
Structural_Continuity_Neocolonial,voortaan,0.95,strong_problem,voortdurend,0.7021,44,0
Structural_Continuity_Neocolonial,voortbestaan,0.95,strong_problem,voortdurende,0.6878,15,0
Structural_Continuity_Neocolonial,voortbouwt,0.95,strong_problem,voortdurend,0.725,2,0
Structural_Continuity_Neocolonial,voortduren,0.95,strong_problem,voortdurend,0.7269,3,0
Structural_Continuity_Neocolonial,voortdurend,0.95,strong_problem,voortdurend,1.0,39,1
Structural_Continuity_Neocolonial,voortdurende,0.95,strong_problem,voortdurende,1.0,34,1
Structural_Continuity_Neocolonial,voortgaande,0.95,strong_problem,voortdurende,0.847,2,0
Structural_Continuity_Neocolonial,voortgang,0.95,strong_problem,voortdurend,0.7138,68,0
Structural_Continuity_Neocolonial,voortgekomen,0.95,strong_problem,voortdurende,0.6762,10,0
Structural_Continuity_Neocolonial,voortgezet,0.95,strong_problem,voortdurend,0.7521,86,0
Structural_Continuity_Neocolonial,voortkomen,0.95,strong_problem,voortdurende,0.728,10,0
Structural_Continuity_Neocolonial,voortkomend,0.95,strong_problem,voortdurende,0.764,3,0
Structural_Continuity_Neocolonial,voortleven,0.95,strong_problem,voortdurende,0.7325,3,0
Structural_Continuity_Neocolonial,voortrekken,0.95,strong_problem,doorwerken,0.7023,2,0
Structural_Continuity_Neocolonial,voortvarend,0.95,strong_problem,voortdurende,0.7328,5,0
Structural_Continuity_Neocolonial,voortvarende,0.95,strong_problem,voortdurende,0.7218,4,0
Structural_Continuity_Neocolonial,voortvloeiende,0.95,strong_problem,voortdurend,0.7651,6,0
Structural_Continuity_Neocolonial,voortzetten,0.95,strong_problem,doorwerken,0.7639,6,0
Structural_Continuity_Neocolonial,voortzetting,0.95,strong_problem,uitstroom,0.7025,15,0
Structural_Continuity_Neocolonial,wekelijkse,0.95,strong_problem,hedendaagse,0.6772,2,0
Structural_Continuity_Neocolonial,antikoloniale,0.85,related_strong,postkoloniale,0.6789,7,0
Structural_Continuity_Neocolonial,bouw,0.85,related_strong,structurele,0.7287,26,0
Structural_Continuity_Neocolonial,constructief,0.85,related_strong,structureel,0.7284,2,0
Structural_Continuity_Neocolonial,doorontwikkelen,0.85,related_strong,onderontwikkeling,0.7389,2,0
Structural_Continuity_Neocolonial,ex-koloniën,0.85,related_strong,postkoloniale,0.6992,2,0
Structural_Continuity_Neocolonial,gekoloniseerden,0.85,related_strong,postkoloniale,0.6698,6,0
Structural_Continuity_Neocolonial,heritage,0.85,related_strong,erfenis,0.6742,6,0
Structural_Continuity_Neocolonial,infrastructurele,0.85,related_strong,structurele,0.7494,9,0
Structural_Continuity_Neocolonial,interkoloniale,0.85,related_strong,postkoloniale,0.7193,4,0
Structural_Continuity_Neocolonial,kolonien,0.85,related_strong,postkoloniale,0.728,21,0
Structural_Continuity_Neocolonial,koloniserende,0.85,related_strong,postkoloniale,0.7425,2,0
Structural_Continuity_Neocolonial,onderwaardering,0.85,related_strong,onderontwikkeling,0.7498,2,0
Structural_Continuity_Neocolonial,achterstand,0.75,related_moderate,achterstand,1.0,12,1
Structural_Continuity_Neocolonial,achterstanden,0.75,related_moderate,achterstanden,1.0,18,1
Structural_Continuity_Neocolonial,armoede,0.75,related_moderate,armoede,1.0,63,1
Structural_Continuity_Neocolonial,armoede-,0.75,related_moderate,armoede,0.9614,2,0
Structural_Continuity_Neocolonial,armoedebeleid,0.75,related_moderate,armoedeproblematiek,0.8459,4,0
Structural_Continuity_Neocolonial,armoedebestrijding,0.75,related_moderate,armoedeproblematiek,0.8203,7,0
Structural_Continuity_Neocolonial,armoedegrens,0.75,related_moderate,armoedeproblematiek,0.8146,3,0
Structural_Continuity_Neocolonial,armoedeproblematiek,0.75,related_moderate,armoedeproblematiek,1.0,3,1
Structural_Continuity_Neocolonial,gebrek,0.75,related_moderate,achterstand,0.688,100,0
Structural_Continuity_Neocolonial,inkomen,0.75,related_moderate,inkomensongelijkheid,0.723,48,0
Structural_Continuity_Neocolonial,inkomens,0.75,related_moderate,inkomensongelijkheid,0.7728,8,0
Structural_Continuity_Neocolonial,inkomens-,0.75,related_moderate,inkomensongelijkheid,0.7934,2,0
Structural_Continuity_Neocolonial,inkomensbeleid,0.75,related_moderate,inkomensongelijkheid,0.6938,4,0
Structural_Continuity_Neocolonial,inkomensbescherming,0.75,related_moderate,inkomensongelijkheid,0.6851,2,0
Structural_Continuity_Neocolonial,inkomensongelijkheid,0.75,related_moderate,inkomensongelijkheid,1.0,2,1
Structural_Continuity_Neocolonial,inkomensverdeling,0.75,related_moderate,inkomensongelijkheid,0.7455,2,0
Structural_Continuity_Neocolonial,kansenongelijkheid,0.75,related_moderate,kansenongelijkheid,1.0,2,1
Structural_Continuity_Neocolonial,kwantiteit,0.75,related_moderate,kwetsbaarheid,0.6904,5,0
Structural_Continuity_Neocolonial,kwetsbaar,0.75,related_moderate,kwetsbaarheid,0.8251,20,0
Structural_Continuity_Neocolonial,kwetsbaarheden,0.75,related_moderate,kwetsbaarheid,0.8696,2,0
Structural_Continuity_Neocolonial,kwetsbaarheid,0.75,related_moderate,kwetsbaarheid,1.0,5,1
Structural_Continuity_Neocolonial,kwetsbare,0.75,related_moderate,kwetsbaarheid,0.7929,38,0
Structural_Continuity_Neocolonial,onderhorigheden,0.75,related_moderate,ongelijkheden,0.6767,2,0
Structural_Continuity_Neocolonial,ongelijk,0.75,related_moderate,ongelijke,0.9424,12,0
Structural_Continuity_Neocolonial,ongelijke,0.75,related_moderate,ongelijke,1.0,56,1
Structural_Continuity_Neocolonial,ongelijkheden,0.75,related_moderate,ongelijkheden,1.0,9,1
Structural_Continuity_Neocolonial,ongelijkheid,0.75,related_moderate,ongelijkheid,1.0,44,1
Structural_Continuity_Neocolonial,onmenselijkheid,0.75,related_moderate,ongelijkheid,0.6893,2,0
Structural_Continuity_Neocolonial,ontvolkingen,0.75,related_moderate,ongelijkheden,0.6712,3,0
Structural_Continuity_Neocolonial,selijkheid,0.75,related_moderate,ongelijkheid,0.6874,2,0
Structural_Continuity_Neocolonial,zedelijkheid,0.75,related_moderate,ongelijkheid,0.6926,3,0
