topic,keyword,count
Cultuur_en_sport,culturel,274
Cultuur_en_sport,omroep,76
Cultuur_en_sport,boek,67
Cultuur_en_sport,bibliothek,63
Cultuur_en_sport,cultuurbeleid,61
Cultuur_en_sport,culturel erfgoed,60
Cultuur_en_sport,npo,50
Cultuur_en_sport,nederland tal,34
Cultuur_en_sport,nos,26
Cultuur_en_sport,film,23
Cultuur_en_sport,vakantie,14
Cultuur_en_sport,museum,14
Cultuur_en_sport,voetbal,14
Cultuur_en_sport,papiament,5
Cultuur_en_sport,doping,4
Cultuur_en_sport,coach,2
Cultuur_en_sport,concert,2
Cultuur_en_sport,duit tal,2
Cultuur_en_sport,rtl,2
Cultuur_en_sport,fran tal,2
Cultuur_en_sport,bioscop,1
Cultuur_en_sport,artiest,1
Cultuur_en_sport,papiamentu,1
Cultuur_en_sport,olympisch spel,1
Cultuur_en_sport,de tour,1
Ramp_ongeval,aardbev,35
Ramp_ongeval,wateroverlast,34
Ramp_ongeval,overstrom,29
Ramp_ongeval,ongeval,26
Ramp_ongeval,orkan,13
Ramp_ongeval,regenval,6
Ramp_ongeval,tsunami,4
Ramp_ongeval,verkeersongeval,4
Ramp_ongeval,explosie,3
Ramp_ongeval,aanrijd,2
Ramp_ongeval,woningbrand,1
Ramp_ongeval,verongelukt,1
Ramp_ongeval,onwer,1
Ramp_ongeval,vulkan,1
Ramp_ongeval,onweersbui,1
Ramp_ongeval,sneeuw,1
arbeid,werk,1878
arbeid,lon,555
arbeid,zelfstand,418
arbeid,werkgeleg,255
arbeid,arbeid,240
arbeid,pensioen,239
arbeid,cao,144
arbeid,ondernemerschap,122
arbeid,werklos,102
arbeid,uitbested,87
arbeid,loonkost,47
arbeid,activer,42
arbeid,hrm,28
arbeid,arbeidskracht,27
arbeid,ontslag,27
arbeid,bediend,27
arbeid,werkzoek,27
arbeid,job,14
arbeid,kinderarbeid,13
arbeid,collectiev arbeidsovereenkomst,9
arbeid,vergrijz,6
arbeid,werkplat,6
arbeid,werktijdverkort,6
arbeid,voltijd,5
arbeid,sociaal plan,3
arbeid,tijdelijk contract,3
arbeid,bedrijfsongeval,3
arbeid,outplacement,2
arbeid,parttim,2
arbeid,flexibel arbeidsmarkt,1
arbeid,loonwerk,1
arbeid,arbeider,1
arbeid,ontslagvergoed,1
buitenlandse_zaken,koninkrijk,211
buitenlandse_zaken,vn,208
buitenlandse_zaken,ontwikkelingssamenwerk,166
buitenlandse_zaken,mensenrecht,111
buitenlandse_zaken,wereldbank,101
buitenlandse_zaken,ontwikkelingsland,96
buitenlandse_zaken,oeso,83
buitenlandse_zaken,imf,61
buitenlandse_zaken,aanslag,58
buitenlandse_zaken,ngo,58
buitenlandse_zaken,verenigd naties,45
buitenlandse_zaken,humanitair hulp,41
buitenlandse_zaken,noodhulp,40
buitenlandse_zaken,surinam,39
buitenlandse_zaken,rod kruis,39
buitenlandse_zaken,diplomatie,38
buitenlandse_zaken,statut,36
buitenlandse_zaken,paspoort,35
buitenlandse_zaken,unesco,33
buitenlandse_zaken,ovs,32
buitenlandse_zaken,recht van de men,31
buitenlandse_zaken,bom,22
buitenlandse_zaken,oecd,20
buitenlandse_zaken,organisatie vor economisch samenwerk en ontwikkel,19
buitenlandse_zaken,venezuela,18
buitenlandse_zaken,ambassad,18
buitenlandse_zaken,international monetair,15
buitenlandse_zaken,g20,12
buitenlandse_zaken,kandidat lidstat,11
buitenlandse_zaken,tribunal,10
buitenlandse_zaken,oorlogsmisdad,9
buitenlandse_zaken,klimaattop,8
buitenlandse_zaken,klimaatconferentie,5
buitenlandse_zaken,globaliser,4
buitenlandse_zaken,uitlever,4
buitenlandse_zaken,international zak,3
buitenlandse_zaken,gevang,3
buitenlandse_zaken,terroris,3
buitenlandse_zaken,demonstrant,3
buitenlandse_zaken,terreur,3
buitenlandse_zaken,uitgeleverd,2
buitenlandse_zaken,amnesty international,2
buitenlandse_zaken,verdrag van scheng,1
buitenlandse_zaken,wereldbevolk,1
buitenlandse_zaken,kyoto,1
buitenlandse_zaken,ontwikkelingsbeleid,1
buitenlandse_zaken,ontwikkelingshulp,1
buitenlandse_zaken,organisatie vor veilig en samenwerk in europa,1
buitenlandse_zaken,diplomatiek relaties,1
buitenlandse_zaken,ira,1
buitenlandse_zaken,niet gouvernementel organisatie,1
buitenlandse_zaken,coup,1
buitenlandse_zaken,al qaida,1
burgerrechten,minder,852
burgerrechten,gelijk,216
burgerrechten,mensenrecht,111
burgerrechten,racism,92
burgerrechten,grondwet,85
burgerrechten,kiezer,62
burgerrechten,extremism,46
burgerrechten,grondrecht,38
burgerrechten,politiek partij,31
burgerrechten,adoptie,30
burgerrechten,gevangenis,10
burgerrechten,onwett,8
burgerrechten,echtscheid,7
burgerrechten,holocaust,6
burgerrechten,daderprofiel,5
burgerrechten,persvrij,4
burgerrechten,kiesstelsel,3
burgerrechten,oppositie,3
burgerrechten,referendum,2
burgerrechten,ongelijk behandel,2
burgerrechten,aml,1
burgerrechten,scheiding der macht,1
burgerrechten,burgerrecht,1
burgerrechten,homo,1
criminaliteit,rapport,833
criminaliteit,verklar,318
criminaliteit,geweld,197
criminaliteit,slachtoffer,195
criminaliteit,ondermijn,113
criminaliteit,terrorism,91
criminaliteit,witwass,77
criminaliteit,mensenhandel,73
criminaliteit,agressie,56
criminaliteit,verdacht,55
criminaliteit,corruptie,50
criminaliteit,extrem,49
criminaliteit,strafbar,39
criminaliteit,cybercrim,36
criminaliteit,dader,34
criminaliteit,straf,33
criminaliteit,kindermisbruik,32
criminaliteit,alcohol,31
criminaliteit,dna,29
criminaliteit,arrest,25
criminaliteit,anoniem,21
criminaliteit,strafmat,19
criminaliteit,seksueel misbruik,13
criminaliteit,schuldig,13
criminaliteit,moord,12
criminaliteit,escalatie,12
criminaliteit,poging,11
criminaliteit,smokkel,11
criminaliteit,fbi,10
criminaliteit,gevangenis,10
criminaliteit,oorlogsmisdad,9
criminaliteit,diefstal,8
criminaliteit,terrorist,8
criminaliteit,cannabis,8
criminaliteit,interpol,7
criminaliteit,georganiseerd misdad,7
criminaliteit,abortus,7
criminaliteit,overvall,4
criminaliteit,oplicht,3
criminaliteit,vermist,3
criminaliteit,trauma,3
criminaliteit,drugshandel,3
criminaliteit,maffia,2
criminaliteit,brandsticht,2
criminaliteit,zedenmisdrijf,2
criminaliteit,voorwaard invrijheidstell,2
criminaliteit,inbrak,1
criminaliteit,verduister,1
criminaliteit,speurhond,1
criminaliteit,witwas,1
criminaliteit,verkracht,1
criminaliteit,overval,1
criminaliteit,gijzel,1
criminaliteit,criminaliser,1
criminaliteit,wederrecht,1
criminaliteit,wrak,1
gezondheidszorg,mer,3503
gezondheidszorg,gezond,678
gezondheidszorg,art,604
gezondheidszorg,ziekt,187
gezondheidszorg,patient,125
gezondheidszorg,sar,58
gezondheidszorg,virus,42
gezondheidszorg,terminal,40
gezondheidszorg,aid,39
gezondheidszorg,besmet,39
gezondheidszorg,hiv,38
gezondheidszorg,huisarts,34
gezondheidszorg,bevolkingsonderzoek,23
gezondheidszorg,paramedisch,20
gezondheidszorg,medic,19
gezondheidszorg,ziekenhuis,18
gezondheidszorg,kanker,17
gezondheidszorg,huisart,17
gezondheidszorg,tandheelkund,17
gezondheidszorg,wachtlijst,16
gezondheidszorg,verbrand,14
gezondheidszorg,intensiev zorg,14
gezondheidszorg,epidemie,12
gezondheidszorg,radioactief,11
gezondheidszorg,invaliditeit,9
gezondheidszorg,malaria,7
gezondheidszorg,voedselket,6
gezondheidszorg,bse,6
gezondheidszorg,ondervoed,6
gezondheidszorg,injectie,5
gezondheidszorg,transplantatie,5
gezondheidszorg,cm,4
gezondheidszorg,apotheker,4
gezondheidszorg,tbc,4
gezondheidszorg,griep,3
gezondheidszorg,brandwond,2
gezondheidszorg,medisch ingrep,2
gezondheidszorg,dement,2
gezondheidszorg,geestelijk gezond,2
gezondheidszorg,droger,1
gezondheidszorg,algemen ziekenhuiz,1
gezondheidszorg,euthanasie,1
huisvesting,woning,340
huisvesting,huisvest,292
huisvesting,saner,98
huisvesting,renovatie,92
huisvesting,huurder,81
huisvesting,huurwon,56
huisvesting,kadaster,47
huisvesting,daklos,26
huisvesting,woningtekort,10
huisvesting,woningnod,7
huisvesting,huurmarkt,6
huisvesting,dakloz,6
huisvesting,huurprijz,5
huisvesting,huurprijs,3
huisvesting,huursubsidie,2
huisvesting,appartement,2
huisvesting,wooncrisis,2
huisvesting,social woning,2
huisvesting,flat,1
immigratie,integratie,250
immigratie,migratie,190
immigratie,asielzoeker,147
immigratie,gren,138
immigratie,vreemdel,125
immigratie,vluchtel,124
immigratie,ind,111
immigratie,coa,104
immigratie,inburger,83
immigratie,illegal,71
immigratie,asiel,66
immigratie,immigratie,44
immigratie,nieuwkomer,35
immigratie,naturalisatie,16
immigratie,azc,10
immigratie,verblijfsvergunn,10
immigratie,gezinsheren,7
immigratie,antilliaan,5
immigratie,uitwijz,4
immigratie,emigrer,3
immigratie,immigrant,3
immigratie,illegaliteit,2
immigratie,nederland nationaliteit,2
immigratie,naturaliser,2
immigratie,ingeburgerd,1
milieu,duurzam,1400
milieu,milieu,361
milieu,co2,327
milieu,stikstof,216
milieu,klimaatakkoord,160
milieu,uitstot,144
milieu,klimaatverander,137
milieu,klimaatbeleid,127
milieu,ecologisch,114
milieu,biodiversiteit,109
milieu,saner,98
milieu,klimaatadaptatie,84
milieu,emissie,84
milieu,drinkwater,68
milieu,afval,54
milieu,bos,41
milieu,asbest,34
milieu,vervuil,28
milieu,verontrein,27
milieu,recycl,25
milieu,bom,22
milieu,boss,13
milieu,methan,13
milieu,ecologie,12
milieu,broeikasgas,10
milieu,opwarm van de aard,9
milieu,geluidsoverlast,5
milieu,bosbescherm,5
milieu,herbeboss,5
milieu,dierenbescherm,5
milieu,koral,4
milieu,ozon,3
milieu,bedreigd diersoort,3
milieu,beschermd soort,2
milieu,mangrov,2
milieu,bosbrand,1
milieu,beschermd diersoort,1
milieu,uitsterv,1
milieu,koolstof,1
milieu,ontbos,1
milieu,fijn stof,1
onderwijs,onderwijs,711
onderwijs,opleid,494
onderwijs,student,410
onderwijs,mbo,356
onderwijs,leerling,250
onderwijs,hbo,137
onderwijs,hogeschol,72
onderwijs,vmbo,65
onderwijs,diploma,54
onderwijs,schooljar,44
onderwijs,stag,37
onderwijs,havo,36
onderwijs,exam,29
onderwijs,lesgeld,28
onderwijs,erasmus,26
onderwijs,vwo,25
onderwijs,bachelor,23
onderwijs,leerkracht,17
onderwijs,pabo,15
onderwijs,leerjar,15
onderwijs,praktijkgericht,13
onderwijs,eindterm,9
onderwijs,leerplicht,4
onderwijs,kandidatur,3
onderwijs,leermethod,2
onderwijs,alumni,2
onderwijs,universit,1
religie,bisschop,87
religie,kerk,10
religie,imam,2
religie,katholiek,2
religie,islam,1
ruimtelijke_ordening,waterschapp,161
ruimtelijke_ordening,dijk,118
ruimtelijke_ordening,ruimtelijk orden,82
ruimtelijke_ordening,landschap,65
ruimtelijke_ordening,waterbeleid,64
ruimtelijke_ordening,waterbeher,42
ruimtelijke_ordening,natuurgebied,31
ruimtelijke_ordening,national park,23
ruimtelijke_ordening,ontmijn,10
ruimtelijke_ordening,gebruik van grondstoff,9
ruimtelijke_ordening,bagger,5
ruimtelijke_ordening,bosbeher,5
ruimtelijke_ordening,rioler,5
ruimtelijke_ordening,zandgrond,4
ruimtelijke_ordening,natuurdomein,4
ruimtelijke_ordening,waterbron,3
ruimtelijke_ordening,natur bronn,2
ruimtelijke_ordening,overstromingsgebied,1
ruimtelijke_ordening,plattelandsbeleid,1
ruimtelijke_ordening,natuurpark,1
ruimtelijke_ordening,habitatrichtlijn,1
sociale_zaken,uitker,918
sociale_zaken,pensioen,239
sociale_zaken,armoed,153
sociale_zaken,afstand,138
sociale_zaken,social zeker,137
sociale_zaken,aow,129
sociale_zaken,arbeidsongeschikt,98
sociale_zaken,oeso,83
sociale_zaken,minimumlon,74
sociale_zaken,ouderdom,35
sociale_zaken,goed bestur,35
sociale_zaken,betal woning,25
sociale_zaken,nvao,22
sociale_zaken,lag inkomen,20
sociale_zaken,kinderbijslag,14
sociale_zaken,herverdel,13
sociale_zaken,vrijwilligerswerk,11
sociale_zaken,social voorzien,9
sociale_zaken,sociaal beleid,8
sociale_zaken,cnv,6
sociale_zaken,inkomensdrempel,2
sociale_zaken,pensioensystem,1
sociale_zaken,gezinsbijslag,1
