label_id,__hard_label_name,__argmax_cos_id,__argmax_cos_name,__cos_max,__cos_margin,__wrong_label,__low_signal,cos_Colonialism,cos_Historical slavery,cos_Modern racism& inequality,snippet
1,Historical slavery,0,Colonialism,,,True,False,,,,"306 NOTEN 29. J. Wolbers, De slavernĳ in Suriname, of dezelfde gruwelen der slavernĳ, die in de ‘Negerhut’ geschetst zĳn, bestaan ook in onze West-Indische koloniën! (Amsterdam: H. de Hoogh, 1853); J. Wolbers, Ten voordeele van de emancipat"
2,Modern racism& inequality,0,Colonialism,,,True,False,,,,RACISME BIJ HET MINISTERIE VAN BUITENLANDSE ZAKEN Een verkennend onderzoek 26 de nadruk leggen op het migrant zijn. De term allochtoon betekent zelfs letterlijk “niet van deze bodem”. Het is nogal problematisch om grote groepen Nederlanders
1,Historical slavery,0,Colonialism,,,True,False,,,,"— 143 — — SLAVERNIJ, AFSCHAFFINGEN EN DOORWERKINGEN — ­Onderzoekers die de arbeidsgeschiedenis van het Britse rijk hebben ­bestudeerd stellen bijvoorbeeld dat de afschaffing van slavernij leidde tot een intensivering van kolonisatie en het "
1,Historical slavery,0,Colonialism,,,True,False,,,,"282 NOTEN 5. De Jong, Jonker en Röell, ‘De ontwikkeling van de naamloze vennoot- schap in Nederland tot 1850’, 225. 6. Slechte, ‘De Firma List en Bedrog’, 181-183. 7. Van Rĳn, Het groote Tafereel der Dwaasheid en zĳn geschiedenis, i. 8. Fab"
1,Historical slavery,0,Colonialism,,,True,False,,,,"26 NANCY JOUWE, MATTHIJS KUIPERS EN REMCO RABEN slaaf gemaakt’ te gebruiken in plaats van ‘slaaf’, naar analogie met het Engelstalige enslaved in plaats van slave. Dat is een keuze die snel aan terrein wint in de geschiedschrĳving, die voor"
2,Modern racism& inequality,0,Colonialism,,,True,False,,,,RACISME BIJ HET MINISTERIE VAN BUITENLANDSE ZAKEN Een verkennend onderzoek 74 “Het is een oer-Hollandse organisatie. Je moet alle mores kennen. Ik heb op een gegeven ogenblik ook besloten: ik wil verder en doorgroeien. Dat kan niet hier. Da
2,Modern racism& inequality,0,Colonialism,,,True,False,,,,NINSEE 3 Een ander woord waar moeilijk een equivalent voor kan worden gevonden in het Nederlands is het woord captivity. Soms wordt het woord gevangene of vastgezette persoon gebruikt als een synoniem voor captive. Maar captive betekent nie
1,Historical slavery,0,Colonialism,,,True,False,,,,"Het leven van slaafgemaakten in Suriname en de Caraïbische eilanden Afrikanen die naar plantages in Amerika werden gebracht, waren de rest van hun leven het bezit van iemand anders, tenzij ze ontsnapten of vrijgekocht werden. Hetzelfde gold"
1,Historical slavery,0,Colonialism,,,True,False,,,,Door de slaafgemaakten uit deze regio’s te verplaatsen naar hun verschillende nederzettingen in de Indische Oceaan en de Indo­ nesische archipel creëerden de Nederlanders een functioneel netwerk in hun Aziatische rijk. Slaafgemaakten werden
1,Historical slavery,0,Colonialism,,,True,False,,,,"Writing ethnographic fieldnotes. University of Chicago press. 59. Van Hulst, M., & Visser, E. L. (2024). Abductive analysis in qualitative public admi- nistration research. Public Administration Review. https://doi.org/10.1111/ puar.13856 6"
2,Modern racism& inequality,0,Colonialism,,,True,False,,,,Enschede: SLO Nationaal expertisecentrum leerplanontwikkeling. Vaksectie mens & maatschappij. 62p. • Kennisplatform Integratie & Samenleving. (2021). Institutioneel racisme in Nederland. Literatuuronderzoek naar de aanwijzingen voor institu
2,Modern racism& inequality,0,Colonialism,,,True,False,,,,"Journal of International Migration and Integration, 1-26. Valk, I. van der (2017) Monitor moslimdiscriminatie; derde rapportage. Amsterdam: Universiteit van Amsterdam. Verkuyten, M. (2003) Sociaal-psychologische gevolgen van stigmatisering,"
1,Historical slavery,0,Colonialism,,,True,False,,,,Het als slaven gevangen houden van andere mensen is al een heel oud en hardnekkig verschijnsel. De Romeinen hadden bijvoorbeeld ook al tot slaaf­ gemaakte mensen. Ook nu bestaan er nog verschillende vormen van gedwongen arbeid en mensenhand
1,Historical slavery,0,Colonialism,,,True,False,,,,— 126 — — STAAT EN SLAVERNIJ — De trans-Atlantische handel in slaafgemaakten creëerde ook banen voor Europeanen. Er werkten duizenden zeelieden en militairen op de schepen; tienduizenden mensen werkten in de havens en in aanpalende sectoren
2,Modern racism& inequality,0,Colonialism,,,True,False,,,,"(2013). Entitlement racism: License to humiliate. European Network Against Racism, Recycling Hatred: Racism (s) in Europe Today, Essed, P. (2018, 1984). Alledaags Racisme. Amsterdam: van Gennep."
1,Historical slavery,0,Colonialism,,,True,False,,,,"Gedurende enkele decennia van de zeventiende eeuw was de wic zelfs de grootste slavenhandelaar in het Atlantische gebied. Ook de voc, die eerder bekend staat als een handelaar in kruidnagelen en kaneel, heeft duizenden tot slaaf gemaakten u"
2,Modern racism& inequality,0,Colonialism,,,True,False,,,,"30 A.2> Bij de bestrijding van en onderzoek naar anti-zwart racisme, antisemitisme, islamofobie en andere vormen van discriminatie moeten wetenschappers uit de doelgroep betrokken zijn. A.3> Er moet door reclamebureaus met affiniteit met he"
1,Historical slavery,0,Colonialism,,,True,False,,,,Scheepsbouw Amsterdammers waren ook actief betrokken bij de bouw van slavenschepen. Zo is in de notulen van de vergaderingen van de directie van de VOC terug te vinden dat de organisatie ‘slaafhaalders’ bouwde. Slaafhaalders waren speciale 
2,Modern racism& inequality,0,Colonialism,,,True,False,,,,"De acceptatie van raciaal gemengde paren en de omzichtige omgang met zichtbaar verschil in naoorlogs Nederland. Amsterdams Sociologisch Tijdschrift, 25(2), 234-275. Kansteiner, W., & Weilnböck, H. (2008). Against the concept of cultural tra"
2,Modern racism& inequality,0,Colonialism,,,True,False,,,,RACISME BIJ HET MINISTERIE VAN BUITENLANDSE ZAKEN Een verkennend onderzoek 24 2.5 Werving van respondenten Een deel van de respondenten is geworven via de zogenoemde sneeuwbalmethode. Dat houdt in dat de onderzoekers aan geïnterviewde medew
2,Modern racism& inequality,0,Colonialism,,,True,False,,,,"UTRECHT ALS CENTRUM VAN HET NEDERLANDSE ABOLITIONISME 195 nog dwangarbeid moesten leveren. Dankzĳ massale protesten in Engeland werd dat apprenticeship in 1839 voortĳdig beëindigd, en vanaf 1840 zien we dat Britse abolitionisten hun zending"
1,Historical slavery,0,Colonialism,,,True,False,,,,Uit het huis van de plantagehouder ver­z­amelden ze alle wapens die ze konden vinden. Daarmee vluchtten ze de oerwouden in. Dit was voor Cuffy het laatste zetje dat hij nodig had. Hij trok met een groep van plantage naar plantage. Overal ve
2,Modern racism& inequality,0,Colonialism,,,True,False,,,,RACISME BIJ HET MINISTERIE VAN BUITENLANDSE ZAKEN Een verkennend onderzoek 7 Impact racisme De bevindingen zijn ernstig en zorgelijk. In de eerste plaats omdat racisme schadelijk is voor de medewerkers die dit ondervinden. Deze ervaringen k
2,Modern racism& inequality,0,Colonialism,,,True,False,,,,"31 9> MEDIA ZWART MANIFEST INLEIDING Media informeren de samenleving en hebben daardoor een grote verantwoordelijkheid. Wat we zien, horen en lezen heeft invloed op ons wereldbeeld. Zonder een diverse en inclusieve weerspiegeling van de sam"
1,Historical slavery,0,Colonialism,,,True,False,,,,"37 Wij noemen als voorbeelden van ‘herstel met wettelijke verankering’ de volgende mogelijke en niet als uitputtend bedoelde opties, gebaseerd op reeds gedane voorstellen: 1. Uitroepen van één nationale vrije dag ter herinnering aan het sla"
1,Historical slavery,0,Colonialism,,,True,False,,,,"Het was immers verbo­ den om moslims te verkopen. Slaafgemaakten vluchtten zelfs vaak naar de rivalen van de voc, zoals de Britse en Franse Oost-Indische Compagnieën, om niet gevangengenomen te worden. Strafregisters en zelfs de periodieke "
2,Modern racism& inequality,0,Colonialism,,,True,False,,,,"30 In deze formulering komt tot uiting dat het gaat om alle daden van slavenhandel en slavernij die in het verleden onder Nederlandse soevereiniteit zijn begaan, hetzij door de overheidsautoriteiten zelf, hetzij door anderen die onder de pa"
1,Historical slavery,0,Colonialism,,,True,False,,,,"7 behandeld werden als vrije arbeiders met arbeidscontracten. De auteur noemt de tot slaaf gemaakten op Sint Maarten tussen 1848 en 1863 dan ook “quasi-slaven”. Jay Havisers verslag, Vineyard Burial Ground, St. Maarten: Emergency Archaeolog"
2,Modern racism& inequality,0,Colonialism,,,True,False,,,,"De culturele identiteit van de ander wordt als iets negatiefs getypeerd, als iets waar je je voor zou moeten schamen (Williams, e.a., 2021). Cultuur wordt bovendien gebruikt als een verklarende factor voor bepaald gedrag (Schinkel, 2008). 3"
1,Historical slavery,0,Colonialism,,,True,False,,,,8 de afschaffing van de slavernij in 1863. Espersen heeft gebruik gemaakt van historische documenten alsook archeologische onderzoeken. De stemmen van de tot slaafgemaakten Orale bronnen worden gebruikt om de slavernijgeschiedenis van binne
2,Modern racism& inequality,0,Colonialism,,,True,False,,,,Het gehele manifest staat in het teken van nazorg voor de Zwarte gemeenschap vanwege de gevolgen van eeuwenlang kolonialisme. Aanvullend komen in het domein ‘Nazorgpakket’ specifieke punten aan de orde die betrekking hebben op nazorg voor d
2,Modern racism& inequality,0,Colonialism,,,True,False,,,,"117 See the webpage of the Comité: www.cnmhe.fr. The full version of the law is rather short, comprising three major provisions as follows: « [Article 1] La République française reconnaît que la traite négrière transatlantique ainsi que la "
1,Historical slavery,0,Colonialism,,,True,False,,,,"De industrie gaf een enorme impuls aan de economie, bracht werkgelegenheid voor velen en trok een stroom migranten naar die eilanden. Maar die ongekende economische groei was niet voldoende om diepgewortelde raciale barrières te doorbreken."
1,Historical slavery,0,Colonialism,,,True,False,,,,"De meeste planters wisten niet aan hun verplichtingen te voldoen en leenden soms zelfs meer bĳ. Met Jan Cornelis van den Heuvel, zoals we zagen de eigenaar van de suikerplantage Nooyt Gedagt in Essequibo, trof Van Vloten in 1786 een schikki"
2,Modern racism& inequality,0,Colonialism,,,True,False,,,,"RACISME BIJ HET MINISTERIE VAN BUITENLANDSE ZAKEN Een verkennend onderzoek 34 religieuze achtergrond. Doordat zij door een religieuze of etnische bril bekeken worden, wordt over het hoofd gezien dat zij beschikken over bepaalde expertise en"
2,Modern racism& inequality,0,Colonialism,,,True,False,,,,"43 INTERCULTURELE SENSITIVITEIT Een persoon wordt als intercultureel sensitief aangemerkt wanneer de persoon niet alleen in staat is om vanuit eigen referentiekader een cultuur te bekijken, maar ook door die van een ander. Niet alleen vindt"
2,Modern racism& inequality,0,Colonialism,,,True,False,,,,"Institutioneel racisme in Nederland vindt plaats in alle segmenten van onze samenleving, o.a. in het onderwijs, op de woningmarkt, in de zorg, in de media en in de opvoeding. Zwarte kinderen en jongeren kampen met trauma’s die ze al op jong"
1,Historical slavery,0,Colonialism,,,True,False,,,,"— 152 — — STAAT EN SLAVERNIJ — ◼ ◼◼ Suriname De Surinaamse suikerplantages hadden aan het begin van de negentiende eeuw dringend behoefte aan werkkrachten, vooral omdat door de extreem zware werkomstandigheden de sterfte op deze onderneming"
1,Historical slavery,0,Colonialism,,,True,False,,,,— 256 — — STAAT EN SLAVERNIJ — ◼ ◼◼ Het leven op de plantage Eenmaal ter plaatse aangekomen moesten de nieuwkomers opnieuw een bestaan opbouwen. Plantages waren niet zo groot op de Wilde Kust als elders in het Caribisch gebied. Ze varieerde
1,Historical slavery,0,Colonialism,,,True,False,,,,Al vroeg waren hier Europese plantages gesticht. De koloniale belastingheffing dwong de grondbezittende boeren in deze regio’s om een vijfde deel van hun velden af te staan en bovendien een vijfde deel van het werkjaar (zesenzestig dagen) d
2,Modern racism& inequality,0,Colonialism,,,True,False,,,,"RACISME BIJ HET MINISTERIE VAN BUITENLANDSE ZAKEN Een verkennend onderzoek 29 Die personen spreken misschien geen Nederlands, maar ze verstaan het wel”. Het n-woord en de ander genoemde racistische termen worden volgens een respondent soms "
2,Modern racism& inequality,0,Colonialism,,,True,False,,,,"7 DOMEINEN 1. EDUCATIE 2. ZORG EN WELZIJN 3. HUISVESTING, WONEN EN OMGEVING 4. ARBEIDSMARKT, WERK EN INKOMEN 5. SOCIAAL-ECONOMISCHE GELIJKHEID 6. POLITIEK EN OVERHEID 7. WETSHANDHAVERS, JUSTITIE EN VEILIGHEID 8. HERVORMING ANTIDISCRIMINATIE"
2,Modern racism& inequality,0,Colonialism,,,True,False,,,,"(2020) Monitor arbeidsdiscriminatie 2015 – 2019, Discriminatie.nl. Blommaert, L., Coenders, M., & Van Tubergen, F. (2014). Discrimination of Arabic-named applicants in the Netherlands: An internet-based field experiment examining different "
1,Historical slavery,0,Colonialism,,,True,False,,,,— 32 — — STAAT EN SLAVERNIJ — Zij vroegen van voormalige slavennaties in Europa: 1) volledige en ­formele excuses; 2) repatriëring naar Afrika indien gewenst; 3) hulp bij een ontwikkelingsprogramma voor de Inheemsen; 4) hulp bij de opbouw v
2,Modern racism& inequality,0,Colonialism,,,True,False,,,,"UTRECHT ALS CENTRUM VAN HET NEDERLANDSE ABOLITIONISME 197 Rotterdam, die daar actief was in het lokale antislavernĳcomité. Maar het beviel de Réveil-mannen uit Den Haag en Amsterdam niet dat de liberalen het initiatief naar zich toe trokken"
1,Historical slavery,0,Colonialism,,,True,False,,,,— 123 — bij een opgraving op Golden Rock Plantation zonder over­leg met de lokale gemeen­schap de overblijfselen van zo’n zeventig mensen opgegraven. Na klachten worden er nu wijzigingen doorgevoerd in het erfgoed­beheer op het eiland om er
1,Historical slavery,0,Colonialism,,,True,False,,,,"Die regtstoestand heeft tot hiertoe gegolden. Besluit nu de wet, dat de slavernij zal worden opgeheven, tot op de intrekking van dien toestand blijft het regt van den meester op zijn slaaf als eene verhandelbare werkkracht bestaan, en men z"
2,Modern racism& inequality,0,Colonialism,,,True,False,,,,"29 Om ervoor te zorgen dat diverse groepen burgers hun ervaringen met de publieke dienstverlening delen, is het belangrijk dat er voldoende vertrou- wen is tussen burgers en overheid. Dit vertrouwen is een voorwaarde om burgers te vragen hu"
2,Modern racism& inequality,0,Colonialism,,,True,False,,,,Diversiteit. Commissie Mijnals richt zich op racisme en discriminatie in het voetbal. (3 juli 2019) Geraadpleegd van www.knvb.nl/nieuws/themas/diversiteit/60761/commissie-mijnals- richt-zich-op-racisme-en-discriminatie-het-voetbal • Koning 
2,Modern racism& inequality,0,Colonialism,,,True,False,,,,"E. (Esther) Janssen (senior onderzoeker) Dr. S. (Simone) van de Wetering (postdoctoraal onderzoeker, Tilburg University) Dr. O. (Oemar) van der Woerd (postdoctoraal onderzoeker, Erasmus Universiteit Rotterdam) Office management: Drs. M.Y.M."
1,Historical slavery,0,Colonialism,,,True,False,,,,"— 255 — — NEDERLANDSE KOLONIALE SLAVERNIJ WERELDWIJD — ­slaafgemaakte, mensen van gemengde afkomst uit veelal gedwongen ­relaties tussen Europese mannen en slaafgemaakte Afrikaanse of Zuid-Amerikaanse vrouwen, en ook uit meer vrijwillige ve"
2,Modern racism& inequality,0,Colonialism,,,True,False,,,,"RACISME BIJ HET MINISTERIE VAN BUITENLANDSE ZAKEN Een verkennend onderzoek 55 “Er is ook meer begrip voor individuele kwesties van lokale medewerkers, maar ook voor de lokale bewoners van ons land. We worden erkend en gerespecteerd. Een voo"
2,Modern racism& inequality,0,Colonialism,,,True,False,,,,"232 NANCY JOUWE situatie onder het fascisme in Duitsland, inclusief een verwĳzing naar concentratiekampen. In 1945, vlak voor de bevrĳding, zou Anton de Kom zelf overlĳden door ziekte in kamp Sandbostel, bĳ concentratiekamp Neuengamme. Een "
2,Modern racism& inequality,0,Colonialism,,,True,False,,,,"RACISME BIJ HET MINISTERIE VAN BUITENLANDSE ZAKEN Een verkennend onderzoek 30 een “hele agressieve toon” wordt gesproken tegen lokaal aangenomen medewerkers, vaak uitmondend in geschreeuw en in het bijzijn van anderen. De toon is heel ander"
1,Historical slavery,0,Colonialism,,,True,False,,,,"— 193 — — SLAVERNIJ, AFSCHAFFINGEN EN DOORWERKINGEN — In Suriname is het Nederlands nog altijd de enige officiële taal, zij het dat er een variant gesproken wordt met een geheel eigen woordenschat, klank en vaak ook zinsbouw: het Surinaams-"
1,Historical slavery,0,Colonialism,,,True,False,,,,"85 Gerechtshof Den Haag 1 oktober 2019, ECLI:NL:GHDHA:2019:2524, rov. 15.4 en 16. 86 ‘Procès pour les réparations: les associations décidées à actionner tous les leviers juridiques’, Franceinfo (online), 9 november 2020, zie https://la1ere."
2,Modern racism& inequality,0,Colonialism,,,True,False,,,,RACISME BIJ HET MINISTERIE VAN BUITENLANDSE ZAKEN Een verkennend onderzoek 100 Respondenten pleiten verder voor evaluaties van de acties die de komende periode opgezet worden. Gedacht kan worden aan een evaluatie van de effectiviteit van tr
2,Modern racism& inequality,0,Colonialism,,,True,False,,,,RACISME BIJ HET MINISTERIE VAN BUITENLANDSE ZAKEN Een verkennend onderzoek 88 Aanpassing aan corporale cultuur Anderen stellen dat het nodig is om te conformeren aan de cultuur van de groep die invloed heeft om door te kunnen groeien. Ook w
1,Historical slavery,0,Colonialism,,,True,False,,,,"Voor die vrijmaking werd een periode van vijf tot acht jaar uitgetrokken. Voordat de vrijmaking een feit was, zouden de houders van de slaaf-gemaakten al een Ǯbehoorlijke vergoedingǯ krijgen. Ook zouden ze de vrijgemaakte slaaf-gemaakten ku"
2,Modern racism& inequality,0,Colonialism,,,True,False,,,,"Baarn: Ambo. Essed, Philomena. 1988. Alledaags racisme. Baarn: Ambo. De activiteiten van de jongste generatie bestaat uit tal van activiteiten, medemogelijk gemaakt door informatietechnologie, waaronder, talkshows: https://melaninfinitymaga"
2,Modern racism& inequality,0,Colonialism,,,True,False,,,,RACISME BIJ HET MINISTERIE VAN BUITENLANDSE ZAKEN Een verkennend onderzoek 64 4 Institutioneel racisme In het vorige hoofdstuk lag de focus op ervaren racisme op de werkvloer in de interacties met collega’s. Daarbij zagen we dat er verschil
2,Modern racism& inequality,0,Colonialism,,,True,False,,,,RACISME BIJ HET MINISTERIE VAN BUITENLANDSE ZAKEN Een verkennend onderzoek 92 5 Conclusies en aanbevelingen In dit slothoofdstuk presenteren we de belangrijkste conclusies op hoofdlijnen. Daarna volgen verschillende aanbevelingen. We sluite
1,Historical slavery,0,Colonialism,,,True,False,,,,15 5 . Ontwikkelingen in de samenleving 5.1 Internationaal De afgelopen jaren vonden er belangwekkende internationale ontwikkelingen plaats in de aandacht voor het slavernijverleden en de doorwerking daarvan. In toenemende mate hebben land
2,Modern racism& inequality,0,Colonialism,,,True,False,,,,RACISME BIJ HET MINISTERIE VAN BUITENLANDSE ZAKEN Een verkennend onderzoek 52 evenementen. En bij het vieren van Sinterklaas is er op verschillende ambassades en in Den Haag voorbijgegaan aan het racistische karakter van zwarte piet. Er wor
1,Historical slavery,0,Colonialism,,,True,False,,,,— 55 — — ACTUELE VRAAGSTUKKEN — Vanaf 1878 tot omstreeks 1960 was ‘vaderlandse geschiedenis’ op scho­ len een apart vak waarvoor schoolboeken werden gemaakt die in de con­ text van de Nederlandse overzeese expansie beperkte aandacht besteed
1,Historical slavery,0,Colonialism,,,True,False,,,,"WAAROM VRIJHEID NIET KON WACHTEN NIMAKO, DELEA & ESAJAS 82 ǲDe slaven zullen ontvlugten, zegt. men. Ja, als een vrijgemaakte zijn meester, die hem hard behandelt, ontvlugt, wie zal dat wraken? Wie daarover klaagt, ik zou bijna zeggen, die k"
1,Historical slavery,0,Colonialism,,,True,False,,,,"— 207 — — SLAVERNIJ, AFSCHAFFINGEN EN DOORWERKINGEN — naast elkaar afbeelden van wit en zwart: ‘Zoo vind het oog ook een ver­ noegen Somtijts een Moor by maegdekens te voegen.’3 Deze woorden zijn door kunsthistorici veelal geïnterpreteerd a"
2,Modern racism& inequality,0,Colonialism,,,True,False,,,,"FRA (2009). European Union Minorities and Discrimination Survey (EU-MIDIS). Main Results Report. Wenen: European Union Agency for Fundamental Rights. Gilroy, P. (1987) There Ain’t No Black in the Union Jack. London: Routledge. Ghorashi, H. "
1,Historical slavery,0,Colonialism,,,True,False,,,,"— 449 — — NOTEN — slavernijexcuses. (Masterscriptie, Universiteit voor Humanistiek Utrecht 2021). 2. Artwill Cain, ‘Slavery and Memory in the Netherlands. Who Needs Commemoration?,’ Journal of African Diaspora Archaeology and Heritage 4(3) "
2,Modern racism& inequality,0,Colonialism,,,True,False,,,,"RACISME BIJ HET MINISTERIE VAN BUITENLANDSE ZAKEN Een verkennend onderzoek 49 (Charkaoui, 2019; Omlo, 2020). Met verwijzingen naar het ‘thuisland’ of ‘herkomstland’ maken mensen (on)bedoeld duidelijk dat zij de ander zien als een persoon di"
1,Historical slavery,0,Colonialism,,,True,False,,,,— 232 — — STAAT EN SLAVERNIJ — kwam op Curaçao het paga tera-­systeem steeds meer in zwang. Dat was een overeenkomst waarbij de voormalige slaafgemaakten een stuk grond kregen op de plantage waar ze hun eigen voedsel konden verbouwen. In ru
2,Modern racism& inequality,0,Colonialism,,,True,False,,,,"— ACTUELE VRAAGSTUKKEN — Deel 2 Slavernij, afschaffingen en doorwerkingen patricia kaersenhout ‘Entangled One is een zeer persoonlijke serie van acht werken over het kunnen ontsnappen aan de onveilige en verwarrende gevoelens die ontstaan a"
1,Historical slavery,0,Colonialism,,,True,False,,,,"Slaafgemaakten die wegliepen, werden naakt aan een grote paal gebonden, tot bloedens toe geslagen en daarna werden hun wonden ingesmeerd met zout water of pekel. Maar ook de slaafgemaakten die in een huishouden woonden, moesten leven onder "
2,Modern racism& inequality,0,Colonialism,,,True,False,,,,110 Loi du 21 mai 2001 tendant à la reconnaissance de la traite et de l’esclavage en tant que crime contre l’humanité. 111 Loi du 23 février 2005 portant reconnaissance de la nation et contribution nationale en faveur des Français rapatriés
2,Modern racism& inequality,0,Colonialism,,,True,False,,,,"RACISME BIJ HET MINISTERIE VAN BUITENLANDSE ZAKEN Een verkennend onderzoek 20 Bij de eerste vraag gaat het om percepties op en ervaringen met racisme. Dit kan gebaseerd zijn op persoonlijke ervaringen, maar ook op basis van verhalen die men"
2,Modern racism& inequality,0,Colonialism,,,True,False,,,,"RACISME BIJ HET MINISTERIE VAN BUITENLANDSE ZAKEN Een verkennend onderzoek 40 Grappen over etnische groepen Geregeld zijn grappen niet zoals in bovengenoemde voorbeelden gericht op het individu, maar hebben de grappen betrekking op een etni"
2,Modern racism& inequality,0,Colonialism,,,True,False,,,,"2. In dit rapport hanteren we een breed begrip van ‘burgers’, waar- mee we niet alleen Nederlandse staatsburgers bedoelen, maar ook andere personen die in Nederland verblijven en gebruik maken van publieke dienstverlening, waar- onder migra"
1,Historical slavery,0,Colonialism,,,True,False,,,,"VRIJ VAN SLAVERNIJ 189 naauwgezet eerbiedigden, was de schandelĳke slavernĳ in een zachte redelĳke dienstbaarheid welhaast herschapen. “Gĳ allen kunt uwe vrĳheid alras verdienen” – zeide Adolf, die met drift de taal der Negers leerde, en zi"
1,Historical slavery,0,Colonialism,,,True,False,,,,"108 WIM MANUHUTU wanneer hem onvoldoende respect en eer werden bewezen. Hĳ glipte tussen de mazen van de voc door en hield zich als privéhandelaar bezig met opiumhandel, die eigenlĳk geheel aan de voc was voorbehouden. Maar wat nog meer in "
1,Historical slavery,0,Colonialism,,,True,False,,,,"UTRECHTS SLAVENGELD 129 door plantagedirecteur Martini vrĳ gekocht voor achthonderd gulden, waarschĳ nlĳ k omdat zĳ een relatie hadden. Een andere weg naar vrĳ heid was de vlucht van de plantage naar de vluchtelingengemeenschappen in het ni"
1,Historical slavery,0,Colonialism,,,True,False,,,,"— 300 — — STAAT EN SLAVERNIJ — ◼ ◼◼ Verzet door slaafgemaakten Vanaf het moment dat de voc begon met mensen tot slaaf maken op Kaap de Goede Hoop, verzetten de slaafgemaakten zich daartegen. Dit verzet nam verschillende vormen aan, waaronde"
2,Modern racism& inequality,0,Colonialism,,,True,False,,,,"RACISME BIJ HET MINISTERIE VAN BUITENLANDSE ZAKEN Een verkennend onderzoek 32 soms belachelijk worden gemaakt door hun accent na te doen. Ook een andere medewerker vertelt dat zij zich niet serieus genomen voelde door haar leidinggevende, o"
2,Modern racism& inequality,0,Colonialism,,,True,False,,,,"Ik beschouw dit toezigt niet, zoo als sommigen misschien, als uitsluitend bestemd om de vrijgemaakten te beheerschen, alleen om hen van het kwade af te houden, om hen in toom te houden. Maar ik meen dat in de wet geschreven moet worden het "
2,Modern racism& inequality,0,Colonialism,,,True,False,,,,20 In 2018 deed het televisieprogramma Radar een onderzoek naar personeelsbeleid bij een callcenter op grond van een gefingeerd verzoek geen personeel met een bepaalde etnische achtergrond te willen aantrekken. Van de benaderde uitzendburea
2,Modern racism& inequality,0,Colonialism,,,True,False,,,,Mounia: In de eerste plaats: verdiep je echt in de uitvoeringspraktijk. Zorg dat je weet en begrijpt hoe het werk van jouw medewerkers in de praktijk tot stand komt. Als tweede: betrek collega's met afstand tot de dagelijkse werkzaamheden i
2,Modern racism& inequality,0,Colonialism,,,True,False,,,,RACISME BIJ HET MINISTERIE VAN BUITENLANDSE ZAKEN Een verkennend onderzoek 80 piet’ kon spelen. Dit heeft hij als racistisch ervaren. Hij heeft daarna onvoldoende steun ervaren van zijn leidinggevende die het voorval niet veroordeelde. Op e
2,Modern racism& inequality,0,Colonialism,,,True,False,,,,"8 Essed, P. (2020). Humiliation, dehumanization and the quest for dignity. Routledge International Handbook of Contemporary Racisms, Essed, P. (2020, 1991). Racismekennis [Inzicht in alledaags racisme]. Amsterdam: van Gennep. Eyerman, R. (2"
2,Modern racism& inequality,0,Colonialism,,,True,False,,,,"D. & Martin-Willet, R. (2021) After Pierce and Sue: A Revised Racial Microaggressions Taxonomy. Perspectives on Psychological Science 16 (5), p. 991– 1007. Witte, R. (2010) Al eeuwenlang een gastvrij volk: racistisch geweld en overheidsreac"
1,Historical slavery,0,Colonialism,,,True,False,,,,— 442 — — STAAT EN SLAVERNIJ — op de maatschappelijke impact van onderzoek en het hebben van relevan­ te netwerken binnen diverse gemeenschappen zou ook mee kunnen wegen. In Nederland vraagt het tevens om een herziening van het perso­ neels
2,Modern racism& inequality,0,Colonialism,,,True,False,,,,"De heer van Heukelom: ǲDe hoofdvraag is, of men immigratie wil, en, zoo ja, hoe die immigratie zal worden bevorderd. Zal de Staat zich belasten met den aanvoer van immigranten, of zal hij dien overlaten aan particulieren? Na verschillende s"
1,Historical slavery,0,Colonialism,,,True,False,,,,"Alex van Stipriaan, ‘The Long Road to a Monument,’ Facing up to the Past. Perspectives on the Commemoration of Slavery from Africa, the Americas and Europe (Kingston 2001) 118-122. 10. Pim Fortuyn, De puinhopen van acht jaar Paars (2002) 15"
1,Historical slavery,0,Colonialism,,,True,False,,,,NINSEE 133 waarmee niet-inheemse bedrijven land zouden kunnen verhuren en inheemse mensen grond zouden kunnen bezitten. De heer Fransen van de Putte stelde: ǲDe wet voorziet te weinig in het geval dat de vrijgemaakte slaaf door goed gedrag 
2,Modern racism& inequality,0,Colonialism,,,True,False,,,,"RACISME BIJ HET MINISTERIE VAN BUITENLANDSE ZAKEN Een verkennend onderzoek 12 1 Inleiding Het is de missie van het ministerie van Buitenlandse Zaken om mee te bouwen aan een rechtvaardige wereld met kansen, vrijheid en waardigheid voor iede"
1,Historical slavery,0,Colonialism,,,True,False,,,,"— 259 — — NEDERLANDSE KOLONIALE SLAVERNIJ WERELDWIJD — ◼ ◼◼ Georganiseerd verzet Er kwamen ook grootschalige, collectieve vormen van verzet voor. Met regelmaat verliet een groep mensen of zelfs een gehele plantagegemeen­ schap het werkkamp."
1,Historical slavery,0,Colonialism,,,True,False,,,,"In dit rapport onderzoeken we hoe de afschaffing van de slavernij werd gepland en ontworpen en, daarmee samenhangend, hoe het voorstel daartoe vervolgens werd besproken in het parlementaire debat. Daarmee beoogt dit onderzoeksrapport inzich"
1,Historical slavery,0,Colonialism,,,True,False,,,,"— 190 — — STAAT EN SLAVERNIJ — In Suriname voltrokken zich weer geheel andere processen. Al in de ­slavendepots in Afrika, onderweg op de slavenschepen en in de kolonie ontstond een contacttaal gebaseerd op West-Afrikaanse talen, Engels en "
2,Modern racism& inequality,0,Colonialism,,,True,False,,,,"Reageren op discriminatie en stigmatisering. Rotterdam: Art. 1 & Radar. Omlo, J. & Butter, E. (2020) Utrecht is ook mijn stad. Cijfers en verhalen over discriminatie en stigmatisering van moslims in Utrecht. Een verkennende studie. Utrecht "
2,Modern racism& inequality,0,Colonialism,,,True,False,,,,"37 6. Discriminatie en racisme in publieke dienstverlening tegengaan: conclusies en aanbevelingen De observaties en aanbevelingen die tot nu toe zijn besproken, laten zien dat de Discriminatietoets weliswaar een waardevol instrument kan zij"
1,Historical slavery,0,Colonialism,,,True,False,,,,"NINSEE 73 ǲDe vrijverklaring der slaven is wel bij uitnemendheid eene onteigening ten algemeenen nutte. Ik geloof niet dat de geachte afgevaardigde uit Gorinchem dit zal blijven ontkennen. Nu zegt men: ja, de eigendom is precair; maar dat d"
2,Modern racism& inequality,0,Colonialism,,,True,False,,,,"50. Omlo, J., Kaya, A., Charif, S., Butter, E., Kromhout, M., & Ramlakhan, K. (2022). Racisme bij het ministerie van Buitenlandse Zaken: Een verkennend onderzoek."
2,Modern racism& inequality,0,Colonialism,,,True,False,,,,"TRANSCULTURELE THERAPIE Problemen staan niet op zichzelf en worden geboren in een bepaalde context of leefomgeving: gezin, familie, werk, school, buurt. Problemen kunnen niet opgelost worden zonder naar de context van het probleem te kijken"
1,Historical slavery,0,Colonialism,,,True,False,,,,"Slavenopstanden na aankomst Zowel in Azië als in het Atlantisch gebied probeerden slaafgemaakten ruimte te vinden om zoveel mogelijk hun eigen leven te leiden, zelfs onder de continue dreiging van geweld van hun ‘meesters’. Ze streden voor "
2,Modern racism& inequality,0,Colonialism,,,True,False,,,,"(1986) Modern racism, ambivalence, and the modern racism scale. In Dovidio, F.J. & Gartner, S.L. (eds.) Prejudice, discrimination and racism. (p. 91- 126). Orlando, FL: Academic Press. Roberts, S. O. & Rizzo, M."
1,Historical slavery,0,Colonialism,,,True,False,,,,"UTRECHTSE NEGOTIATIES EN DE DEFTIGE NOTARIS DIRK WERNARD VAN VLOTEN 137 te spreiden. In die fondsen zaten niet altĳd alleen plantageleningen. In wat bĳvoorbeeld het ‘Contract van 1773’ is gaan heten, en waarvoor niet Dirk Wernard maar zĳn n"
1,Historical slavery,0,Colonialism,,,True,False,,,,Hierdoor vertraagden ze de afschaffing van de slavernij. In 1862 stuurden de Amsterdamse plantage- eigenaar G.S. Bosch Reitz en tientallen andere Amsterdamse belanghebbenden een petitie aan leden van de Tweede Kamer. Deze stond op het punt 
1,Historical slavery,0,Colonialism,,,True,False,,,,"ǲ)k vraag, Mijne Heeren, als men in deze of gene provincie beetwortelsuiker- fabrieken wilde oprigten, doch dit niet kon geschieden of het Gouvernement moest arbeiders leveren, wat gij dan wel zoudt zeggen? Is het hier een ander geval? Indi"
1,Historical slavery,0,Colonialism,,,True,False,,,,"Hij laat overtuigend zien hoe er drie verschillende fasen zijn aan te wijzen in de Nederlandse verbeelding van slavernij. In de zeventiende eeuw, stelt hij vast, speelden slaafgemaakten een ondergeschikte rol in afbeeldingen. Ze werden afge"
1,Historical slavery,0,Colonialism,,,True,False,,,,— 210 — — STAAT EN SLAVERNIJ — Naast deze meer abstracte manier van verwijzen naar slavernij werd ook arbeid die werd verricht door Afrikanen verwerkt in toegepaste kunst. Dat is bijvoorbeeld te zien op die hierboven afgebeelde gelegenheids
1,Historical slavery,0,Colonialism,,,True,False,,,,"In 2016 stond hij nog steeds achter die oproep. Het beeld van de VOC bestond lange tijd uit slimme en avontuurlijke koopmannen, die de gevaarlijke wereld over zeilden en terugkeerden met winstgevende producten. Maar de VOC was net als de WI"
1,Historical slavery,0,Colonialism,,,True,False,,,,"— 179 — — SLAVERNIJ, AFSCHAFFINGEN EN DOORWERKINGEN — de schatkist. De verkopen van de nhm werden de hoofdbron van inkom­ sten van de Nederlandse overheid.4 De financiële boekhouding bleef ondoorzichtig zolang Willem i de Oost-Indische kolo"
2,Modern racism& inequality,0,Colonialism,,,True,False,,,,BELLE VAN ZUYLEN IN KOLONIALE ZAKEN 157 ook van het moderne ongelĳkheidsdenken te zien gaf. Waar sommige verlichtingsdenkers beargumenteerden dat vrĳheid en gelĳkheid univer- sele rechten waren en dus ook golden voor tot slaaf gemaakte mens
1,Historical slavery,0,Colonialism,,,True,False,,,,"Als er zoveel verzet was onder de slaven waarom kon die slavernij dan al die eeuwen bestaan?’ Excuses ‘De excuses hebben niets te maken met de wetenschap, maar zijn overduidelijk een politieke aangelegenheid en het resultaat van een actieve"
2,Modern racism& inequality,0,Colonialism,,,True,False,,,,"24 5.3.6 Justitie en veiligheid Etnisch profileren, discriminatie en racisme door en bij de politie hebben in toenemende mate aandacht gekregen. In het onderzoek naar institutioneel racisme door KIS51 blijkt dat in de handelwijze en politie"
1,Historical slavery,0,Colonialism,,,True,False,,,,"— 165 — — SLAVERNIJ, AFSCHAFFINGEN EN DOORWERKINGEN — ­voorganger. De gelijktijdige strijd om het kapitaal van de voc zorgde er wel voor dat investeerders in eerste instantie veel minder toeschietelijk waren, maar in de loop van 1623 was he"
2,Modern racism& inequality,0,Colonialism,,,True,False,,,,"42 Inclusie gaat over de mate waarin diversiteit als kwaliteit in de samenleving, organisatie en mens in- gezet en geborgd wordt om deze te verbeteren. Een belangrijke voorwaarde hierbij is dat er continue gewerkt wordt aan een hoge mate va"
2,Modern racism& inequality,0,Colonialism,,,True,False,,,,"Utrecht: Trimbos-instituut. Essed, P. (1984) Alledaags racisme. Amsterdam: Feministische Uitgeverij Sara. Essed, P. (2018) Alledaags racisme, heruitgave. Amsterdam: Van Gennep. Felten, H., Asante, A., Donker, R., Andriessen, I., & Noor, S. "
2,Modern racism& inequality,0,Colonialism,,,True,False,,,,"(2023). Mensbeelden achter beleid. Sociaal en Cultureel Planbureau. 24. Kremer, M. (2023). Afkicken van betonnen mensbeel- den. Sociale Vraagstukken. Geraadpleegd van: https:// www.socialevraagstukken. nl/column/afkicken-van-be- tonnen-mens"
2,Modern racism& inequality,0,Colonialism,,,True,False,,,,"C. (2021). Beyond Tuskegee—Vaccine Distrust and Everyday Racism. New England Journal of Medicine, (https://www.nejm.org/doi/full/10.1056/NEJMpv2035827), e11. Collins, P. H. (2004). Black sexual politics: African Americans, gender, and the n"
2,Modern racism& inequality,0,Colonialism,,,True,False,,,,"EPILOOG 269 diverse clubs samengewerkt die nu niet meer bestaan: kleine stichtingen, maar bĳvoorbeeld ook het Aboriginal Art Museum Utrecht. De tĳden zĳn echt veranderd de afgelopen jaren. Nu zie je dat die culturele sector denkt, hey, we k"
1,Historical slavery,0,Colonialism,,,True,False,,,,Excuses voor het Nederlandse slavernijverleden? Een representatief onderzoek onder de Nederlandse bevolking (18+) naar hoe men aankijkt tegen de het aanbieden van excuses voor de slavernij. In opdracht van Trouw) [https://www.ioresearch.nl/
2,Modern racism& inequality,0,Colonialism,,,True,False,,,,RACISME BIJ HET MINISTERIE VAN BUITENLANDSE ZAKEN Een verkennend onderzoek 61 uiting in het niet aangaan van de confrontatie door racisme te negeren met als gevolg dat mensen negatieve ervaringen opkroppen. 3.17 Conclusie Breed spectrum aan
1,Historical slavery,0,Colonialism,,,True,False,,,,"Op sommige plaatsen zorgde de afschaf­fing van de slavernij zelfs voor hogere winsten voor de Europese kolonisten, bijvoorbeeld op de Banda- eilanden. Met de compen­satie­gelden voor de onteigening van slaven konden zij schulden aflossen. O"
1,Historical slavery,0,Colonialism,,,True,False,,,,"— 129 — — SLAVERNIJ, AFSCHAFFINGEN EN DOORWERKINGEN — algemene stemming tegen een van de vier afzonderlijke onderdelen ­voldoende was om de afschaffing van de slavernij te vertragen. Hoewel sommige parlementariërs bezwaar hadden tegen het v"
1,Historical slavery,0,Colonialism,,,True,False,,,,"— 121 — — SLAVERNIJ, AFSCHAFFINGEN EN DOORWERKINGEN — voor slaafgemaakten die al vóór de afschaffing van de slavernij vrij waren geworden? Ontstond er solidariteit of werden er nieuwe barrières opge­ worpen? De zoektocht naar de stem van sl"
1,Historical slavery,0,Colonialism,,,True,False,,,,"NINSEE 21 3) Ontwerp van de heer C.W. Ellents Hofstede, 1838. Ellents Hofstede was een in Demerary4 woonachtige Nederlander en jurist.5 Hofstede protesteerde tegen het idee van apprenticeship (Staatstoezicht), met als argument dat dit Surin"
1,Historical slavery,0,Colonialism,,,True,False,,,,"Investeringen uit Amsterdam Naast Suriname lagen de veel onbe­ kendere plantagekoloniën Berbice, Essequibo en Demerary (in huidig Guyana), die vooral in de tweede helft van de 18e eeuw belangrijk werden. Amsterdam was bestuurlijk en financi"
1,Historical slavery,0,Colonialism,,,True,False,,,,"Zie ook: Esther Captain, ‘Driehonderd gulden per vrĳgelaten slaaf. Slaveneigenaren in Utrecht en de afschaffing van slavernĳ in 1863’, Oud-Utrecht 86, 2 (2013), 38-43; Egmond Codfried, Belle van Zuylen’s vergeten oma: Maria Jacoba van Goor "
2,Modern racism& inequality,0,Colonialism,,,True,False,,,,RACISME BIJ HET MINISTERIE VAN BUITENLANDSE ZAKEN Een verkennend onderzoek 66 Verdachte en ongepaste vragen en opmerkingen in sollicitatiegesprekken In meerdere gevallen zijn er verdachte en ongepaste vragen gesteld. Een sollicitant kreeg v
1,Historical slavery,0,Colonialism,,,True,False,,,,"De slaafgemaakten spraken vaak Nederlands, kookten Nederlands eten en vierden Nederlandse feesten zoals Pinkste­ ren. Zo was wat in New York ‘Pinkster’ werd genoemd aan het eind van de achttiende en het begin van de negentiende eeuw een uit"
1,Historical slavery,0,Colonialism,,,True,False,,,,"Net als over de moeder en het kind die in 1664 aan Nicolas Verleth werden verkocht, weten we nog weinig over de slaafgemaakten die niet bij naam in de documenten voorkomen. Tussen 1627 en 1664 zijn volgens de Slave Voyages-database rond de "
1,Historical slavery,0,Colonialism,,,True,False,,,,"253, p. 923 75 De Nederlandsche Staats-Courant 1861-1862 (bijblad). Tweede Kamer, 76ste zitting – 2 julij 1862, vel. 253, p. 923 76 Chattel slavery refereert in deze aan een vorm van slavernij waarbij de tot-slaaf-gemaakten als persoonlijk "
1,Historical slavery,0,Colonialism,,,True,False,,,,"Margaretha van Raephorst, lid van een rijke Amsterdamse familie, met een slaafgemaakte Afrikaanse jongen. JAN MIJTENS, 1668 | RIJKSMUSEUM kennis die er momenteel over dit onderwerp is. Dit publieksboek is een sterk verkorte en bewerkte vers"
2,Modern racism& inequality,0,Colonialism,,,True,False,,,,RACISME BIJ HET MINISTERIE VAN BUITENLANDSE ZAKEN Een verkennend onderzoek 96 ministerie actief wordt uitgedragen. Uit onderzoek is bekend dat een heldere normstelling dat racisme niet wordt getolereerd binnen de organisatie racistisch hand
2,Modern racism& inequality,0,Colonialism,,,True,False,,,,"Een aaneenrĳging van persoonlĳke archieven Quinsy Gario Wanneer we aan de hedendaagse Zwarte aanwezigheid in Utrecht denken, komen er een aantal momenten en plekken naar boven die wat meer aandacht verdienen in de context van de geschiedeni"
2,Modern racism& inequality,0,Colonialism,,,True,False,,,,29 8> HERVORMING ANTI- DISCRIMINATIE- VOORZIENINGEN (ADV) ZWART MANIFEST INLEIDING De antidiscriminatievoorzieningen (ADV’s) in Nederland zijn niet onafhankelijk. Onafhankelijkheid is een minimale voorwaarde om naar behoren te functioneren.
2,Modern racism& inequality,0,Colonialism,,,True,False,,,,"7 Samenvatting Discriminatie en racisme zijn diepgewortelde, structurele problemen die aanwezig zijn in alle sectoren van de samenleving, waaronder de publieke dienstverlening. Dit heeft ingrijpende gevolgen voor burgers, zoals fysieke en m"
2,Modern racism& inequality,0,Colonialism,,,True,False,,,,"BES.3> De Staatscommissie heeft een onafhankelijk en duurzaam onderzoekskarakter, vergelijkbaar met het model van de Onderwijsraad. De Staatscommissie moet een brede afspiegeling zijn van personen uit maatschappelijke organisaties, het open"
1,Historical slavery,0,Colonialism,,,True,False,,,,"— 231 — — NEDERLANDSE KOLONIALE SLAVERNIJ WERELDWIJD — gestraft met geseling. Zo getuigde Tula, ten overstaan van pastoor Schinck, dat hij tot bloedens geslagen werd. Dat werd uiteindelijk een belangrijke factor voor zijn opstandigheid. Ver"
1,Historical slavery,0,Colonialism,,,True,False,,,,"— 211 — — SLAVERNIJ, AFSCHAFFINGEN EN DOORWERKINGEN — bijfiguren op portretten van de elite in de kunsthistorische literatuur ‘pages’, dan wel ‘tropes’ genoemd. De eerste aanduiding is een eufemisme, omdat page een functie was die slechts w"
1,Historical slavery,0,Colonialism,,,True,False,,,,"— 213 — — SLAVERNIJ, AFSCHAFFINGEN EN DOORWERKINGEN — vier windrichtingwijzers waarmee het Rijksmuseum, dat in 1885 werd geopend, is toegerust. Elke figuur heeft een eigen karakter. De zwarte man is de enige die blaast met open­gesperde oge"
2,Modern racism& inequality,0,Colonialism,,,True,False,,,,"DISCRIMINATIE Discriminatie is het anders behandelen, achterstellen of uitstellen van mensen op basis van persoon- lijke kenmerken. Deze kenmerken worden discriminatiegronden genoemd. De wetgeving voor gelijke behandeling beschermt de volge"
2,Modern racism& inequality,0,Colonialism,,,True,False,,,,"RACISME BIJ HET MINISTERIE VAN BUITENLANDSE ZAKEN Een verkennend onderzoek 17  Steven Collet (ambassadeur bedrijfsleven en ontwikkelingssamenwerking en directeur DDE, Ministerie van Buitenlandse Zaken)  Serena Does (Hoogleraar sociale ong"
1,Historical slavery,0,Colonialism,,,True,False,,,,"32 honderden jaren specifieke misdrijven tegen de menselijkheid hebben voorgedaan, te weten slavenhandel en slavernij. De participatie aan deze misdrijven was maatschappijbreed.82 Dit heeft diepe en pijnlijke sporen getrokken door alle maat"
1,Historical slavery,0,Colonialism,,,True,False,,,,"— 18 — — STAAT EN SLAVERNIJ — term ‘slaafgemaakte’ of juist ‘slaaf’ te gebruiken, lijkt de balans inmiddels te zijn doorgeslagen ten faveure van de eerste. Hetzelfde geldt voor het woord ‘wit’, als alternatief voor ‘blank’, dat voor velen d"
1,Historical slavery,0,Colonialism,,,True,False,,,,15 cultuur dit onderwerp als een afgeronde geschiedenis. Veelal vanuit het perspectief van de kolonisator. Daarom wil het Tropenmuseum zĳ n bezoekers kennis laten maken met actuele erfenissen van slavernĳ en kolonialisme in Nederland. Niet 
2,Modern racism& inequality,0,Colonialism,,,True,False,,,,"De landen behartigen zelfstandig hun eigen aangelegenheden. Het is alleen mogelijk het Statuut te wijzi- gen als alle landen van het Koninkrijk daarmee instemmen. De Nederlandse Grondwet en de Staats- regelingen van Aruba, Curaçao en Sint M"
1,Historical slavery,0,Colonialism,,,True,False,,,,"— 326 — — STAAT EN SLAVERNIJ — vijandigheid tegen mensen van buiten het eiland, zoals de Nederlanders, omdat zij verantwoordelijk waren voor de deportatie van eilandgenoten. De ontwikkelingen in Timor laten zien dat het ontwarren van handel"
1,Historical slavery,0,Colonialism,,,True,False,,,,"Slavenhouders ontvingen een compensatie van 300 gulden per vrĳgemaakte slaaf.19 Omgerekend naar de huidige koopkracht zou dit een bedrag zĳn van meer dan 3000 euro. Natuurlĳk zĳn mensen- levens niet in geld uit te drukken, maar de omrekenin"
1,Historical slavery,0,Colonialism,,,True,False,,,,"◼ ◼◼ Concrete betrokkenheid Op allerlei manieren waren kerken en geestelijken zelf ook actief in de ­slavernij: in Nederlands-Brazilië bouwden slaafgemaakten letterlijk de kerken, en Johannes Basseliers, de eerste gereformeerde predikant va"
1,Historical slavery,0,Colonialism,,,True,False,,,,21 ALGEMEEN A.1> Armoede en schulden gaan hand in hand. Het stapelen en opkopen van boetes moet worden verboden. Deze praktijken zijn onethisch en duwen mensen verder in de schulden. Er mag geen winst gemaakt worden op schulden. A.2> Vanuit
1,Historical slavery,0,Colonialism,,,True,False,,,,Slaafgemaakte kinderen Zelfs kinderen waren handelswaar. In 1763 gaf de Amsterdamse koopman Pieter Volkmar de opdracht om met zijn schip de Pink 200 slaafgemaakte kinderen te vervoeren van West-Afrika naar Suriname. Volkmar was slavenhandel
1,Historical slavery,0,Colonialism,,,True,False,,,,"De slaven werden dikwijls gekocht van de Afrikaanse neger­ vorsten en opperhoofden. Deze voerden, om krijgsgevange­ nen te krijgen voor de verkoop, voortdurend onderling oorlog. De gevangenen werden in kudden naar de kust"
1,Historical slavery,0,Colonialism,,,True,False,,,,"Was April misschien iets overkomen? Of was er een andere oorzaak? De voorlezer van de kerk onderhield een levendige privéhandel, niet alleen in slaafgemaakten, maar bijvoorbeeld ook in textiel naar de plantages op Banda. Had hij misschien s"
1,Historical slavery,0,Colonialism,,,True,False,,,,"De opstand op plantage Palmeneribo De broers Mingo, Wally en Bartham waren de leiders van de slavenopstand die in 1707 op de plantage Palmeneribo van Jonas Witsen uitbrak. Deze telg uit de invloedrijke Amsterdamse familie Witsen was in dat "
2,Modern racism& inequality,0,Colonialism,,,True,False,,,,"RACISME BIJ HET MINISTERIE VAN BUITENLANDSE ZAKEN Een verkennend onderzoek 102 Broek, L.M. van den (2020) Wit is nu aan zet. Racisme in Nederland. Amsterdam: Amsterdam University Press. Broekroelofs, R., & Felten, H. (2020). Ingrijpen bij d"
2,Modern racism& inequality,0,Colonialism,,,True,False,,,,Onderwerpen werden aangeleerd om de ideologie van racisme te omarmen en daarmee in de superioriteit van witheid en hun eigen inferioriteit te ge- loven. Mentale dekolonisatie omvat het terugdraaien van de mentale kolonisering. Oftewel het b
2,Modern racism& inequality,0,Colonialism,,,True,False,,,,2020. Ervaren discriminatie in Nederland II. Den Haag: Sociaal Cultureel Planbureau. Mr. drs. J.W.E. Spies (voorzitter) prof. mr. A.H.A. Soons mr.
2,Modern racism& inequality,0,Colonialism,,,True,False,,,,"4 en complexiteit binnen Zwarte gemeenschappen. Er zijn bijvoorbeeld mensen die Zwart en moslim zijn, Zwart en queer, Zwart en ongedocumenteerd of Zwart en vrouw met een geestelijke/ lichamelijke beperking of chronische ziekte. Zij ervaren "
2,Modern racism& inequality,0,Colonialism,,,True,False,,,,"23 5.3.4 Zorg In de zorg wordt er al langer gesproken over maatregelen om tot een meer representatieve vertegenwoordiging in zorgpersoneel en zorgaanbod te komen, passend bij een diverse sa­ menleving. Zo deed het Nivel (Nederlands Instituu"
1,Historical slavery,0,Colonialism,,,True,False,,,,"Slaafgemaakten en bestuurders van de voc in Utrecht en Azië Matthias van Rossum Op 3 juli 1774 registreerde een klerk in de Zuid-Indiase stad Cochin, een vestiging van de Verenigde Oost-Indische Compagnie, de verkoop van ‘Utrecht’ door Piet"
1,Historical slavery,0,Colonialism,,,True,False,,,,"Maarten, dat is uitgegeven door Luis H. Daal en Ted Schouten, heeft in 1988 als basis gediend voor een documentaire met dezelfde titel, waarin ook slavenverhalen van de verschillende eilanden zijn verwerkt. Het artikel ‘Social Repercussions"
1,Historical slavery,0,Colonialism,,,True,False,,,,"— 139 — — SLAVERNIJ, AFSCHAFFINGEN EN DOORWERKINGEN — belanghebbenden. Bovendien heeft recent onderzoek informatie opgele­ verd over de lobby van Amsterdamse belanghebbenden voor het afschaffen van slavernij in ruil voor gunstige voorwaarde"
1,Historical slavery,0,Colonialism,,,True,False,,,,28 slavernij tot misdrijf tegen de menselijkheid bestempelen.70 Verder is met name van belang dat de (rijks)wet geen strijd oplevert met het eveneens in de internationale verdragen gegarandeerde discriminatieverbod. In het kader van de erke
1,Historical slavery,0,Colonialism,,,True,False,,,,"— 228 — — STAAT EN SLAVERNIJ — Sommige kinderen zijn voortgekomen uit relaties tussen een zwarte (slaafgemaakte) moeder en een witte vader. Die gekleurde nakomelingen van de shon kregen meestal hoger gewaardeerde posities, en vooral de meis"
2,Modern racism& inequality,0,Colonialism,,,True,False,,,,"Als niet wordt geëxpliciteerd wie het betreft, dan zou het dus moeten gaan over de geschiedenis van alle onder Nederlandse verantwoordelijkheid slaafgemaakte mensen. De dialoogggroep zal daarover dus duidelijk moeten zijn, wil het niet aan "
2,Modern racism& inequality,0,Colonialism,,,True,False,,,,"Het gebruik van termen luistert nauw. Terwijl voor sommigen de term ‘inheems’ problematisch is omdat die een koloniale zienswijze impliceert, gebruiken anderen datzelfde begrip juist bewust om de zichtbaarheid van bepaalde bevolkingsgroepen"
2,Modern racism& inequality,0,Colonialism,,,True,False,,,,"22 Recent onderzoek van de SER toont aan dat er in het onderwijs nog altijd ongelijkheid is, en dat dit zelfs – mede door COVID-19 – is toegenomen: ‘Ondanks het breed gedeelde gelijk­ heidsideaal in onze samenleving, is de plek waar je wieg"
2,Modern racism& inequality,0,Colonialism,,,True,False,,,,— 103 — — ACTUELE VRAAGSTUKKEN — onderlinge relatie. Maar ook in relatie tussen zwart en zwart.’14 De per­ soonlijke familie-ervaringen laten zien dat de term ‘herstel’ breder moet worden opgevat: het gaat niet alleen om herstelbetalingen v
2,Modern racism& inequality,0,Colonialism,,,True,False,,,,"Zwart Utrecht in beeld Beeldessay Nancy Jouwe In Utrecht hebben zich door de jaren heen diverse zwarte gemeenschap- pen gemanifesteerd in bĳeenkomsten, demonstraties en vieringen. Daarnaast spraken solidariteitsbewegingen zich uit tegen ond"
1,Historical slavery,0,Colonialism,,,True,False,,,,"De motie verzoekt de regering om ‘na te gaan of er reden bestaat om – net zoals in Frankrijk – bij wet de slavernij en de slavenhandel die in het verleden heeft plaatsgevonden als een misdaad tegen de menselijkheid aan te merken, en om na t"
1,Historical slavery,0,Colonialism,,,True,False,,,,"— 294 — Kate Ekama (1986) is postdoctoraal onderzoeker aan leap aan de faculteit Economie van de Universiteit van Stellenbosch, Zuid-Afrika. Als historica richt ze zich in haar onderzoek op slavernij en slavenhandel in Zuid-Afrika en Sri La"
2,Modern racism& inequality,0,Colonialism,,,True,False,,,,"RACISME BIJ HET MINISTERIE VAN BUITENLANDSE ZAKEN Een verkennend onderzoek 104 praktijk. Diemen & Amsterdam: Hogeschool Inholland, Institute for Societal Resilience & Vrije Universiteit Amsterdam. Keuzenkamp, S. (2017) Wat werkt en wie werk"
1,Historical slavery,0,Colonialism,,,True,False,,,,— 162 — — STAAT EN SLAVERNIJ — Europese koloniale ondernemingen. Zo vormden de opbrengsten uit de handel in (gedeeltelijk) via slavenarbeid verkregen Braziliaanse diamanten en tabak het onderpand voor grote leningen aan het begin van de neg
2,Modern racism& inequality,0,Colonialism,,,True,False,,,,"RACISME BIJ HET MINISTERIE VAN BUITENLANDSE ZAKEN Een verkennend onderzoek 71 met “zeven vinkjes” (zie Luyendijk, 2022) zijn volgens respondenten de “stilzwijgende norm”. De laatste jaren zijn daar de vrouwen met “zes vinkjes” bijgekomen. M"
2,Modern racism& inequality,0,Colonialism,,,True,False,,,,"RACISME BIJ HET MINISTERIE VAN BUITENLANDSE ZAKEN Een verkennend onderzoek 16 “regels of processen die expliciet onderscheid maken en de bedoeling hebben om ongelijkheid te creëren, en (2) regels of processen (geschreven of ongeschreven) di"
1,Historical slavery,0,Colonialism,,,True,False,,,,"Vaak gaat het om plantagehuizen en regenteske stadspaleizen waar hoofdzakelijk de levens van de slavenmakers worden getoond, van de slaafgemaakten en hun leven valt vaak weinig te bekennen. In de steden waar de slavernij werd georganiseerd "
1,Historical slavery,0,Colonialism,,,True,False,,,,— 199 — abolitionismebeweging. Eerder vond het tegenovergestelde plaats: net als in Suriname verschenen slaafgemaakten in Indonesië als een soort karikaturen in de rond het midden van de negentiende eeuw razend populaire albums met beschrij
1,Historical slavery,0,Colonialism,,,True,False,,,,"VOC als grootste ‘probleem’ dat er een arbeids­kracht verloren was gegaan en niet de mishandeling van een mens. Omdat dit soort geweld zich afspeelde binnen de muren van woningen, misten slaafgemaakten vrijwel elke vorm van rechtsbeschermin"
1,Historical slavery,0,Colonialism,,,True,False,,,,"Neem schippersfamilie Sukkel. Zij waren eind 18e eeuw actief in de handel over de Rijn. Ze meerden hun schip aan aan de Amsterdamse Geldersekade. Daar werd het volgeladen met koloniale producten. Veel suiker, maar ook huiden, vaten koffie, "
2,Modern racism& inequality,0,Colonialism,,,True,False,,,,"Die eenheidsworst vind ik heel vreemd, juist als je als ministerie andere landen de les leest over tolerantie, minderheidsrechten, LHBTI tot aan de multiculturele samenleving en dat we hier toch met verschillende groepen prettig samenleven."
1,Historical slavery,0,Colonialism,,,True,False,,,,— 357 — — VROEGE VORMING VAN SLAVERNIJ EN KOLONIALISME — bestuderen maar archieven van Iberische rechtbanken en overheden en zelfs de inquisitie kunnen informatie opleveren over slaafgemaakten in het bezit van Zuid-Nederlanders. Een piste d
1,Historical slavery,0,Colonialism,,,True,False,,,,"— 180 — — STAAT EN SLAVERNIJ — kwamen tegen de vreemde overheersing. Ook met de kosten van de winstgevende onderwerping, zoals de betalingen aan de Javaanse volks­ hoofden en de cultuurprocenten uitgekeerd aan de koloniale ambtenarij, waren"
1,Historical slavery,0,Colonialism,,,True,False,,,,"Zij werden met hete ijzers op hun borst of rug gebrandmerkt om ze levenslang met hun slavenmakers, zoals de West-Indische Compagnie (WIC), te kunnen identificeren. Vanaf het begin hebben deze tot slaaf-gemaakte Afrikanen zich verzet tegen h"
1,Historical slavery,0,Colonialism,,,True,False,,,,"Van der Smissen was een voorstander van het centralisatiestelsel waarbij het Gouvernement de slaaf-gemaakten zou Ǯovernemenǯ van de houders van de slaaf-gemaakten. Omdat hij tegen gedwongen onteigening was, suggereerde hij een aangepaste ve"
1,Historical slavery,0,Colonialism,,,True,False,,,,"Een onderzoek naar Hope & Co en R. Mees & Zoonen (Amsterdam 2022). 2. Marten G. Buist, At spes non fracta. Hope & Co. 1770-1815 (Den Haag 1974) hoofdstukken 1 en 14. 3. Karwan Fatah-Black, Lauren Lauret en Joris van den Tol, Dienstbaar aan "
2,Modern racism& inequality,0,Colonialism,,,True,False,,,,"RACISME BIJ HET MINISTERIE VAN BUITENLANDSE ZAKEN Een verkennend onderzoek 19 2 Aanpak van het onderzoek In dit hoofdstuk beschrijven we de doelstelling, onderzoeksvragen, aanpak van het onderzoek en gebruikte onderzoeksmethoden. Ook lichte"
1,Historical slavery,0,Colonialism,,,True,False,,,,En als laatste moet ook de kwestie van de gevolgen van het contractarbeidersregime op de vrijgemaakte voormalige slaaf­ gemaakten beter onderzocht worden. Ook is het belangrijk om te ­bedenken welke instellingen en individuen deze onderzoek
1,Historical slavery,0,Colonialism,,,True,False,,,,"Waarin bestaat voor hem het wezen der slavernij ? In den arbeid; in den arbeid, waartoe hij van zijne jeugd af aan door zweepslagen is gedwongen. Daarom haat hij den arbeid en de slavernijǳ.227 Dit antwoord leverde nog een andere vraag op, "
1,Historical slavery,0,Colonialism,,,True,False,,,,"Deel 3 Nederlandse koloniale slavernij wereldwijd Theo Frids Hutabarat ‘In dit werk is de hand van een anonieme arbeider afgebeeld ­terwijl ze een theeblad plukt. Het is een eerbetoon aan haar, een overblijfsel dat haar bestaan bevestigt. D"
1,Historical slavery,0,Colonialism,,,True,False,,,,"De zaden werden in de Hortus Botanicus verder ontwikkeld en daarna gingen ze naar Suriname, waar slaafgemaakten de koffie moesten verbouwen op plantages. Indonesië en de Molukken Ook de slavenhandel in de gebieden van de VOC stond vaak onde"
1,Historical slavery,0,Colonialism,,,True,False,,,,"Het vorige wets-ontwerp had lot grondslag, dat de slaven magten magtsgewijze op de plantages, waar zij zich bevinden, bij overeenkomst zouden blijven, of magtsgewijze op eene andere plantage overgaan. Hierdoor werd een overgangsmaatregel, g"
1,Historical slavery,0,Colonialism,,,True,False,,,,"NINSEE 117 Het eenige voordeel, dat deze erlangt —en ik dank den Minister daarvoor — is, dat geene zweepslagen meer tot straf zullen worden opgelegd voor het niet volbrengen zijner taak. Maar wie beoordeelt dat niet volbrengen? Wie waakt me"
1,Historical slavery,0,Colonialism,,,True,False,,,,"125 “Appel de Blois”, Le Monde, 10 October 2008. 126 Nikolay Koposov, Memory Law and Memory Wars, CUP, 2017. 120. 127 André Larané, Mai 2011 – Juin 2020, La traite, un crime contre l’humanité?, 11 February 2020, available at: https://www.he"
1,Historical slavery,0,Colonialism,,,True,False,,,,"Kinderen moesten ook werken. Ongelukken waren niet ongewoon. Als vingers tussen de rollers van de suikermolen belandden, dan hakte de opzichter de hand of zelfs de arm af. De goederen die de slaafgemaakten op Vossenburg produceerden, beland"
1,Historical slavery,0,Colonialism,,,True,False,,,,"Het resterende één derde deel zou in contanten aan de houders van de slaaf-gemaakten worden uitbetaald.21 17) Ontwerp van de heer N. Anslijn cum suis, 1848. Ook het ontwerp van Anslijn en twee anonieme personen was uitsluitend gericht op Ar"
1,Historical slavery,0,Colonialism,,,True,False,,,,"— 198 — Caroline Drieënhuizen Methode: slavernij en visuele bronnen Slavernij lijkt op het eerste oog weinig zichtbaar in tekeningen, aquarellen, prenten, boekillustraties, kaarten of schilderijen. Dat is op zijn minst merk­ waardig, want h"
1,Historical slavery,0,Colonialism,,,True,False,,,,"Deze bekritiseert niet alleen de nog steeds koloniale dimen­ sies, perspectieven en vanzelfsprekendheden van het nu gepresenteerde slavernijverhaal, maar evenzeer de gebruikte methodes en de onderzoe­ kers zelf. Bij de nieuwe slavernijgesch"
1,Historical slavery,0,Colonialism,,,True,False,,,,"22 onderzoeksproject ‘Legacies of slavery’74, David Blight, die stelde dat erfenissen gaan over het gevecht wie het juiste gebruik maakt van de geschiedenis: de geestelijk leider, de politicus, de journalist, de leraar, de tentoonstellingsm"
1,Historical slavery,0,Colonialism,,,True,False,,,,"Hiervoor moeten ‘Reparations’ worden gerealiseerd. Belangrijke pijlers van deze ‘Reparations’ zijn erkenning, rechtvaardigheid en ontwikkeling vanuit het perspectief van de nazaten van de slachtoffers van het Nederlandse slavernijverleden. "
1,Historical slavery,0,Colonialism,,,True,False,,,,"Een toegevoegde waarde zou alleen zijn gelegen in de erkenning dat slavenhandel en slavernij niet slechts in de hierboven weergegeven vormen strafbaar zijn gesteld, maar dat de kwalificatie ‘misdrijf tegen de menselijkheid’ met terugwerkend"
2,Modern racism& inequality,0,Colonialism,,,True,False,,,,RACISME BIJ HET MINISTERIE VAN BUITENLANDSE ZAKEN Een verkennend onderzoek 65 doet in vergelijking met andere ministeries. De instroom is volgens het ministerie “in orde”. In 2018 zou de instroom van bi-culturele medewerkers 17.4% zijn (Min
1,Historical slavery,0,Colonialism,,,True,False,,,,"A New Agenda for Practice,’ The International Journal of Transitional Justice 8(3) (2014) 339- 361, 358. 5. Lisa Laplante, ‘Just Repair,’ Cornell International Law Journal 48 (2015) 513-578. 6. Janna Thompson, Intergenerational Justice. Rig"
1,Historical slavery,0,Colonialism,,,True,False,,,,"NINSEE 131 De heer van Voorthuysen sprak de woorden: ǲWij hebben hier voor ons liggen een ontwerp van wet, dat wij zeker allen gaarne zouden aannemen. Het opschrift luidt zoo schoon: opheffing van de slavernij! Maar zoo wij het bestrijden, "
1,Historical slavery,0,Colonialism,,,True,False,,,,"De slavenregisters van Curaçao zijn als enige compleet, die van Suriname zijn vrijwel compleet vanaf 1851, terwijl oudere series gaten bevatten. Van de slavenregisters van Nederlands-Indië bestaan alleen fragmenten. De slavenregisters kunne"
2,Modern racism& inequality,0,Colonialism,,,True,False,,,,"Zie ook: Ellemers, N., Şahin, O., W.S. Jansen, & Van der Toorn, J. (2018). Naar effectief diversiteitsbeleid: het bouwen van bruggen tussen weten- schap en praktijk. Gedrag & Organisatie, 31(4). https://doi. org/10.5117/2018.031.004.006 45."
2,Modern racism& inequality,0,Colonialism,,,True,False,,,,Geraadpleegd van www.parool.nl/nieuws/den-bosch-excelsior- stilgelegd-wegens-racisme-boos-en-teleurgesteld-dat-dit-gebeurt~b6b4de4d • Auswärtiges Amt Deutschland (2021). Außenminister Maas zum Abschluss der Verhandlungen mit Namibia. (Persb
2,Modern racism& inequality,0,Colonialism,,,True,False,,,,Het is inhoudelijk afgestemd met mensen uit het Caribische deel van het Koninkrijk. > Institutioneel anti-zwart racisme krijgt in dit manifest bijzondere aandacht. Het gaat om het specifieke racisme dat mensen treft die van Afrikaanse herko
2,Modern racism& inequality,0,Colonialism,,,True,False,,,,"Wat ze hebben meegemaakt vinden zĳ normaal en niet bĳzonder, terwĳl er juist verbanden zĳn met de strĳd die we nu voeren voor meer zichtbaarheid en rechtvaardigheid. Het initiëren van het Antilliaans Carnaval in Utrecht was een poging van d"
2,Modern racism& inequality,0,Colonialism,,,True,False,,,,"13 het om cultuur- en religiekritiek, en dat zou geen racisme zĳ n. Wat mĳ betreft is islamofobie een van de vormen die racisme in de moderne tĳ d heeft aangenomen. Ik kom daar later in dit boek in hoofdstuk 8 uitgebreider op terug. In het "
2,Modern racism& inequality,0,Colonialism,,,True,False,,,,"11. Michael Rothberg, The Implicated Subject. Beyond Victims and Perpetrators (Stanford 2019). 12. Ranajit Guha, ‘The Prose of Counter- Insurgency,’ Subaltern Studies ii. Writings on South Asian History and Society (Oxford 1983) 1-42; Miche"
1,Historical slavery,0,Colonialism,,,True,False,,,,"De blanke, zegt men in Suriname, arbeidt niet op het veld , adqui ergo is zulks eene schande. Een vrij man , zegt de slaaf, draagt schoenen en een blaauwen of gelen hoed , maar een vrij man werkt niet; vrij is ge- lijk: ik mag alles doen en"
2,Modern racism& inequality,0,Colonialism,,,True,False,,,,"20 5> SOCIAAL- ECONOMISCHE GELIJKHEID ZWART MANIFEST INLEIDING Onze sociaaleconomische status (SES) is de plaats die we innemen op de maatschappelijke ladder, bekeken vanuit een sociaal en economisch gezichtspunt. De SES wordt bepaald door "
1,Historical slavery,0,Colonialism,,,True,False,,,,"Ze hadden geen wet­ telijke basis, maar genoten wel erkenning door de overheid. Dat gebeurde bij de koop van grond ten behoeve van de aanleg van de spoorbaan, het districtscommissariaat en de bauxietontginning. Voorheen kenden de plantages "
2,Modern racism& inequality,0,Colonialism,,,True,False,,,,"The Cultural Politics of Race and Nation (London: Hutchinson, 1987), 43-44. 24. Philomena Essed, Alledaags racisme (Amsterdam: Van Gennep, 2018 [1984]), 9. 25. Het debat over de verhouding tussen slavernĳ en de ontwikkeling van het kapitali"
1,Historical slavery,0,Colonialism,,,True,False,,,,"NICOLAAS BEETS EN JULIEN WOLBERS 211 Daarna werd hĳ in de timmerloods opgesloten zonder verpleging, water of voedsel. Toen de man stierf, werd hĳ in opdracht van de directeur in het struikgewas geworpen, waar hĳ onbegraven bleef liggen.34 W"
1,Historical slavery,0,Colonialism,,,True,False,,,,"— 226 — — STAAT EN SLAVERNIJ — slaafgemaakten werden ingezet. ­Sint-Eustatius werd, evenals Curaçao, gedurende de achttiende eeuw een belangrijk overslag- en distributiecen­ trum voor goederen en slaafgemaakten. Sint-Eustatius heeft tevens "
2,Modern racism& inequality,0,Colonialism,,,True,False,,,,"Utrecht als centrum van het Nederlandse abolitionisme, 1840-1848 1. Dit artikel is gebaseerd op een uitgebreide reconstructie van de negen- tiende-eeuwse Nederlandse antislavernĳbeweging in Maartje Janse, De afschaffers. Publieke opinie, or"
2,Modern racism& inequality,0,Colonialism,,,True,False,,,,"Isabelle de Charrière, Caliste ou continuation de Lettres écrites de Lausanne (Parĳs: Prault, 1788). 8. Ibidem. 9. Siep Stuurman, De uitvinding van de mensheid. Korte wereldgeschiede- nis van het denken over gelĳkheid en cultuurverschil (Am"
2,Modern racism& inequality,0,Colonialism,,,True,False,,,,"sociale voorzieningen, werkgelegenheid, goedbestuur, en milieubescherming te verbeteren op de eilanden. geboren en getogen in Amsterdam, sociale bewegingen op te zetten en te ondersteunen, die strijden voor antiracistische educatie en inclu"
1,Historical slavery,0,Colonialism,,,True,False,,,,"210 CARL HAARNACK Uncle Tom’s Cabin werden geschetst gebeurden ook in onze eigen kolonie Suriname. Een jaar later verscheen van Wolbers’ hand De Surinaamsche negerslaaf, verhaal van een bezoek op eenige plantaadjes in Suriname.30 In 1857 vo"
1,Historical slavery,0,Colonialism,,,True,False,,,,11 Op Sint Maarten is het beeld van Lohkay met overheidsgeld vervaardigd en in 2006 door de toenmalige gedeputeerde van Cultuur op Emancipation Day onthuld. Als jonge vrouw werkte Lohkay als tot slaaf gemaakte op een plantage aan de Nederla
1,Historical slavery,0,Colonialism,,,True,False,,,,"— 147 — — SLAVERNIJ, AFSCHAFFINGEN EN DOORWERKINGEN — Op veel plaatsen in de archipel, met uitzondering van Java, waar de slaver­ nij min of meer was uitgebannen, leefde in de eerste helft van de negentien­ de eeuw meer dan tien procent van"
1,Historical slavery,0,Colonialism,,,True,False,,,,"134 MATTHIJS KUIPERS met betrekkelĳk weinig geld instappen. Opvallend was ook de centrale positie die de directeur van de negotiatie innam. Als spin in het web bracht hĳ niet alleen investeerders en planters samen, ook verplichtte hĳ de pla"
1,Historical slavery,0,Colonialism,,,True,False,,,,Utrechts slavengeld Alex van Stipriaan Tussen het Janskerkhof en de Kromme Nieuwegracht moet het in vroeger tĳd vaak zĳn gegaan over de Nederlandse slavenkoloniën in Zuid-Amerika. In dat hartje van de domstad woonden en werkten Utrechtse re
1,Historical slavery,0,Colonialism,,,True,False,,,,"— 478 — — STAAT EN SLAVERNIJ — Fatah-Black, Karwan 75, 132, 395 Filips ii, koning 11, 333 Fortuyn, Pim 87 Fraser, Nancy 96 Frederik Hendrik, stadhouder prins 414 Fricke, Felicia 113, 122, 123 Goodfriend, Joyce 271 Gready, Paul 96 Groen van "
1,Historical slavery,0,Colonialism,,,True,False,,,,Er waren geen slavenregisters voor de verspreide Nederlandse forten en posten aan de kust van West-Afrika. De ontmenselijking die typerend is voor slavernij is duidelijk te zien in de registers. Mensen werden in eerste plaats beschreven als
2,Modern racism& inequality,0,Colonialism,,,True,False,,,,Geraadpleegd van www.nursing. nl/poll-verpleegkundige-weleens-gediscrimineerd-1778438w/ • Nursing.nl (2020). Gastblog Zoë over racisme: ‘Hij vroeg me geen ‘buitenlanders’ meer in te plannen’. Geraadpleegd van www.nursing.nl/blog/gastblog-zo
2,Modern racism& inequality,0,Colonialism,,,True,False,,,,"Fiere (2020). Monitor Arbeidsmarktdiscriminatie 2015-2019. Rotterdam: Discriminatie.nl. • Brandsma, B. (2016). Polarisatie. Inzicht in de dynamiek van wij-zij denken. Schoonrewoerd: BB in Media. • Commissie-Kennedy (2020). Open vensters voo"
1,Historical slavery,0,Colonialism,,,True,False,,,,— 58 — — STAAT EN SLAVERNIJ — Feniks (2012) bij een tekst over en een citaat van Equiano aan leerlingen gevraagd of zijn levensverhaal een representatieve en betrouwbare bron is over de slavenhandel en slavernij. Terwijl de meeste schoolboe
1,Historical slavery,0,Colonialism,,,True,False,,,,140 MATTHIJS KUIPERS op nummer 63 – het pand met de Gasthuispoort die toegang geeft tot wat nu het Museum Catharĳneconvent is. Het pand werd na hun beider overlĳden geërfd door Anna Gillina’s neef Gerard Wernard van Beest. Aan de muur van d
2,Modern racism& inequality,0,Colonialism,,,True,False,,,,"RACISME BIJ HET MINISTERIE VAN BUITENLANDSE ZAKEN Een verkennend onderzoek 27 organisatiecontext speelt dit mechanisme misschien wel nog sterker, omdat medewerkers tot elkaar veroordeeld zijn op de werkvloer en van elkaar afhankelijk zijn. "
1,Historical slavery,0,Colonialism,,,True,False,,,,— 304 — Sophie Rose Rechtszaken als bron De koloniale autoriteiten en hun administratieve medewerkers die verantwoordelijk zijn voor de meeste geschreven bronnen uit de slavernij­- periode hadden over het algemeen weinig interesse in het da
2,Modern racism& inequality,0,Colonialism,,,True,False,,,,Een andere gebeurtenis had betrekking op een kandidaat met een vluchtelingenachtergrond die op latere leeftijd naar Nederland is gekomen. Hoewel deze persoon ook begonnen is met een mbo-studie is zij er uiteindelijk in geslaagd om een unive
2,Modern racism& inequality,0,Colonialism,,,True,False,,,,"bijlage 7 Geraadpleegde bronnen • Actieplan Cultuur en Creatief Inclusief (2011, 2019). Code Diversiteit en Inclusie in de culturele sector. 17p. • Andriessen, I., Nievers, E., Faulk, L., Dagevos, J. (2010). Liever Mark dan Mohammed? Onderz"
1,Historical slavery,0,Colonialism,,,True,False,,,,Zelfs veel van de tegenstanders van de slavernij vonden dat de slaaf­gemaakten en hun erfgenamen niet in staat waren om mee te praten over hun eigen lot. Ze creëerden een wereld­ beeld waarin zij mensen van Europese afkomst afschilderden al
1,Historical slavery,0,Colonialism,,,True,False,,,,"In Azië bestonden veel verschillende vormen van slavernij en dwangarbeid naast elkaar, of ze volgden elkaar op. Die verschillende vormen worden verderop in dit boek besproken. Slavernij en ontmenselijking Slavernij is een extreme vorm van i"
2,Modern racism& inequality,0,Colonialism,,,True,False,,,,"EEN AANEENRIJGING VAN PERSOONLIJKE ARCHIEVEN 239 met de fnv over arbeidsrecht en racisme. Als kunststudent hoorde hĳ ook over plekken als kraakcafé acu, en daar liep hĳ dan als een van de weinige Zwarte jongens rond. Het alternatieve circui"
2,Modern racism& inequality,0,Colonialism,,,True,False,,,,"• Schreuder, A., (2021). ‘Brussel berispt Nederland: verbeter wetgeving tegen racisme.’ NRC Handelsblad 09 juni 2021. Geraadpleegd van www.nrc.nl/nieuws/2021/06/09/brussel-berispt- nederland-verbeter-wetgeving-tegen-racisme-a4046716 • SER ("
2,Modern racism& inequality,0,Colonialism,,,True,False,,,,Mensen die bĳ gemeenten werkten en daar nu niet meer zĳn. Daar is een hele nieuwe generatie aan het werk gegaan die eigenlĳk niet eens weten hoe het was. We hebben met
1,Historical slavery,0,Colonialism,,,True,False,,,,— 76 — over de leefomstandigheden en de cultuur van slaafgemaakten en dan in het bijzonder in steden. Zelf ben ik bezig met het onderzoeken van de transitie van slavernij naar burgerschap. Deze transitie verliep op tal van plekken erg versc
2,Modern racism& inequality,0,Colonialism,,,True,False,,,,"Arnold K. Ho ; Steven O. Roberts ; Susan A. Gelman. 2015. Essentialism and Racial Bias Jointly Contribute to the Categorization of Multiracial Individuals. Psychological science, Vol.26 (10): p.1639-1645. De negativity bias en availability "
1,Historical slavery,0,Colonialism,,,True,False,,,,"Degenen die niet konden betalen, dienden dit bedrag af te lossen met gedwongen arbeid. Dit ontwerp bestempelde de regering als onuitvoerbaar.2 Het lijkt erop dat de heer Lans meer geïnteresseerd was in de toekomst van de kolonie dan in het "
2,Modern racism& inequality,0,Colonialism,,,True,False,,,,"Vanuit het bewustzijn dat er knelpunten zijn en verbetering mogelijk is, heeft het ministerie besloten om een verkennend onderzoek te laten verrichten naar racisme binnen de eigen organisatie. Het onderzoek kan volgens het ministerie mogeli"
1,Historical slavery,0,Colonialism,,,True,False,,,,"[...] Die niet op een standpunt van beschaving en ontwikkeling staat dat hij een vrij en zelfstandig mensch kan zijn, zal van de vrijheid misbruik maken.” De regering nam deze manier van redeneren over. Zo ontstond het ‘staatstoezicht’: na "
1,Historical slavery,0,Colonialism,,,True,False,,,,"— 71 — — ACTUELE VRAAGSTUKKEN — - De rol van de voc waarbij dwangarbeiders werden ingezet bij het bouwen van forten, het laden en lossen van schepen en de genoci­ de die J.P. Coen aanrichtte op Banda. b. De fase van de koloniale dominantie:"
2,Modern racism& inequality,0,Colonialism,,,True,False,,,,"org/10.1146/annurev-org- psych-120920-055217 48. Şahin, O. (2024). On being different: Exploring the relationship between dissimilarity and social inclusion in the workplace. [Doctoral dissertation, Utrecht University]. https:// doi.org/10."
2,Modern racism& inequality,0,Colonialism,,,True,False,,,,"20. Andrea Weindl, ‘The Asiento de Negros and International Law’, Journal of the History of International Law 10 (2008), 229-257, aldaar 256. 21. Bély, ‘Behind the Stage’, 51. 22. Gregory Price en Warren Whatley, ‘Did Profitable Slave Tradi"
1,Historical slavery,0,Colonialism,,,True,False,,,,"— 183 — — SLAVERNIJ, AFSCHAFFINGEN EN DOORWERKINGEN — ondernemers om de benodigde arbeidskrachten in mateloze uitbuiting en onderdrukking op te sluiten. Het was een onvrijheid die met racistische en valse argumenten over de lokale ‘landaard"
1,Historical slavery,0,Colonialism,,,True,False,,,,Officieel hadden slaafgemaakte mensen wel enkele juridische mogelijkheden om wreedheid van hun ‘eigenaar’ aan te klagen. Maar de meeste slaafgemaakten wisten dit niet of hun ‘eigenaar’ stond hen niet toe om naar een rechtbank te reizen. En 
1,Historical slavery,0,Colonialism,,,True,False,,,,"— 99 — — ACTUELE VRAAGSTUKKEN — ­voorzitter van het Nationaal Instituut Nederlands Slavernijverleden (NiN­ see). Het zou minder moeten gaan over spijt en schaamte, maar meer over ­verbondenheid. Ook vanuit de regering leken stappen gezet te"
2,Modern racism& inequality,0,Colonialism,,,True,False,,,,"RACISME BIJ HET MINISTERIE VAN BUITENLANDSE ZAKEN Een verkennend onderzoek 108  Het doen van concrete aanbevelingen om het probleem aan te pakken, terug te dringen en bij te dragen aan meer diversiteit, inclusie, etc. Afbakening Dit onderz"
1,Historical slavery,0,Colonialism,,,True,False,,,,"— 119 — — SLAVERNIJ, AFSCHAFFINGEN EN DOORWERKINGEN — ­slavernij. De planter verloor zijn disciplinerende macht; hij mocht niet langer veroordelen en straffen zoals tijdens de slavernij. Bovendien groei­ de de bevolking door de komst van Az"
1,Historical slavery,0,Colonialism,,,True,False,,,,— 174 — — STAAT EN SLAVERNIJ — deze verlangde producten. De volkshoofden moesten zich nauwgezet houden aan de instructies van het koloniale bestuur op straffe van ontslag of zelfs verbanning bij nalatigheid of overtreding van hun bevoegdhed
1,Historical slavery,0,Colonialism,,,True,False,,,,— 265 — — NEDERLANDSE KOLONIALE SLAVERNIJ WERELDWIJD — arbeiders droegen zij bovendien bij aan de totstandkoming van een goede infrastructuur en aan het ontbossen van het land en werkten ze in de land­ bouw. Een deel van hun werkzaamheden v
1,Historical slavery,0,Colonialism,,,True,False,,,,"Het onderzoek naar bijvoor­ beeld de levens van slaafgemaakten, de gekleurde gemeenschappen in de Republiek en de positie van vrouwen is op gang gekomen. Maar meer onderzoek is nodig naar de alledaagse werking van dwangstelsels en hun gevol"
2,Modern racism& inequality,0,Colonialism,,,True,False,,,,"22 NANCY JOUWE, MATTHIJS KUIPERS EN REMCO RABEN ook slavernĳ heeft bestaan beklĳft maar moeizaam en is pas recent tot een groter publiek doorgedrongen met de publicaties van Daar werd wat gruwelĳks verricht: Slavernĳ in Nederlands-Indië van"
2,Modern racism& inequality,0,Colonialism,,,True,False,,,,"6 machtsrelaties tussen ‘witte’, ‘zwarte’ en ‘bruine’ Nederlanders. Het betreft institutionele veranderingen, cross-raciaal-etnische samenwerking, en interventies binnen dominante en niet-dominante gemeenschappen, al naar gelang de context."
2,Modern racism& inequality,0,Colonialism,,,True,False,,,,"BES.12> Er moet een onafhankelijk onderzoek komen naar vooringenomenheid en discriminatie in datasets en besluitvormingen op basis van algoritmen bij overheidsinstellingen, om te beginnen bij de Belastingdienst, Jeugdzorg en het UWV. BES.13"
1,Historical slavery,0,Colonialism,,,True,False,,,,— 351 — — VROEGE VORMING VAN SLAVERNIJ EN KOLONIALISME — een minderheid van zwarten. Pas in de tweede helft van de zestiende eeuw zouden zwarte slaafgemaakten de oorspronkelijke bevolking van Brazilië gaan vervangen als arbeids­ krachten. E
1,Historical slavery,0,Colonialism,,,True,False,,,,"— 16 — — STAAT EN SLAVERNIJ — De doorwerkingen worden in Staat en slavernij op twee manieren opgevat: ten eerste als manieren waarop koloniale slavernij economisch, maat­ schappelijk, cultureel en bestuurlijk invloed heeft uitgeoefend op me"
1,Historical slavery,0,Colonialism,,,True,False,,,,"— 62 — — STAAT EN SLAVERNIJ — mogelijk slaven in leven te houden. Elk sterfgeval betekende immers ook een economisch verlies.18 Voor de pabo’s zijn er twee handboeken, die beide in 2021 verschenen in een vijfde editie. In Geschiedenis geven"
1,Historical slavery,0,Colonialism,,,True,False,,,,"68 MATTHIAS LUKKES willen houden. Ze zouden die plantage nog tot 1792 bezitten. Ze zagen waarschĳnlĳk nog kansen voor de plantage, aangezien de vraag naar koffie, suiker en katoen vanaf 1750 explosief was toegenomen.44 Een aanzienlĳke groep"
1,Historical slavery,0,Colonialism,,,True,False,,,,"216 NANCY JOUWE Nederlanders die in de zeventiende eeuw in voc-gebied in Azië woonden en werkten, hadden verschillende tot slaaf gemaakten in dienst die fungeerden als werkkracht, maar ook als statussymbool. Deze tot slaaf gemaakte bediende"
1,Historical slavery,0,Colonialism,,,True,False,,,,In navolging van Van Rossum stelde Rijk in zijn ontwerp voor dat alleen de slaaf-gemaakten voor Ǯrekeningǯ zouden komen van het Gouvernement. De gronden zouden bij de plantage-eigenaars blijven. Vervolgens zouden de voormalige houders van d
1,Historical slavery,0,Colonialism,,,True,False,,,,"— 215 — — SLAVERNIJ, AFSCHAFFINGEN EN DOORWERKINGEN — Er zijn ook andersoortige objecten die handvatten bieden om ons in te leven in de ervaringen van slaafgemaakten in Nederland. Tot voor kort werden halsbanden in Nederlandse museale colle"
1,Historical slavery,0,Colonialism,,,True,False,,,,"— 212 — — STAAT EN SLAVERNIJ — Vanaf de tweede helft van de achttiende eeuw komt het slavernij­ systeem sterker onder druk te staan. Slavernij is altijd bevochten door slaaf­gemaakten zelf, en diverse revoluties in Noord-Amerika, Frankrijk "
1,Historical slavery,0,Colonialism,,,True,False,,,,Daar woonden in 1779 ruim veertigduizend slaafgemaakten.6 Ook leefden er duizenden afstammelingen van vrĳgelatenen. Kortom: de gehele samenleving droeg de sporen van de slavernĳ. Er waren in de Nederlandse koloniën in Azië minder plantages 
2,Modern racism& inequality,0,Colonialism,,,True,False,,,,"RACISME BIJ HET MINISTERIE VAN BUITENLANDSE ZAKEN Een verkennend onderzoek 54 3.14 Insluiting Dat medewerkers racisme ervaren, sluit niet uit dat zij eveneens ervaringen van insluiting kunnen hebben. Dat resulteert in een zekere ‘sense of b"
2,Modern racism& inequality,0,Colonialism,,,True,False,,,,"Stichting Nederland Wordt Beter, Zwarte Piet is Racisme-campagne & Kick Out Zwarte Piet, Controle Alt Delete, The Black Archives, Black Queer & Trans Resistance Nederland, Comité 21 maart, Zwarte Piet Niet en S.P.E.A.K. ANTI-RACISTISCH “In "
2,Modern racism& inequality,0,Colonialism,,,True,False,,,,23 2.5 Werving van respondenten ........................................................................................ 24 2.6 Beschrijving van de deelnemers ................................................................................ 
2,Modern racism& inequality,0,Colonialism,,,True,False,,,,"Utrecht als centrum van het Nederlandse abolitionisme , 1840-1848 Maartje Janse Niet veel mensen weten dat Utrecht in de jaren 1840-1848 het centrum was van de Nederlandse antislavernĳbeweging. Drĳvende kracht hier- achter was Jan Ackersdĳc"
1,Historical slavery,0,Colonialism,,,True,False,,,,— 328 — — STAAT EN SLAVERNIJ — iedereen in de koloniale samenleving betrokken bij de slavenhandel. De treurige constatering dat de kidnappers overgingen tot mensenroof om zichzelf vrij te kopen illustreert ook hoezeer slavernij en onvrijhei
2,Modern racism& inequality,0,Colonialism,,,True,False,,,,"Dat wil zeggen, dat er geprobeerd wordt het totale spectrum aan verschillende type ervaringen met racisme in beeld te brengen. Smaling (2009) spreekt in dit verband over ‘variatiedekkende representativiteit.’ Omvang van het probleem Statist"
1,Historical slavery,0,Colonialism,,,True,False,,,,"— 169 — — SLAVERNIJ, AFSCHAFFINGEN EN DOORWERKINGEN — de koloniale handel vanuit Indonesië explosief, gevoed door de opkomst van een nieuw systeem van gedwongen arbeid, het cultuurstelsel op Java. Die verschuiving had ook haar weerslag op d"
2,Modern racism& inequality,0,Colonialism,,,True,False,,,,"RACISME BIJ HET MINISTERIE VAN BUITENLANDSE ZAKEN Een verkennend onderzoek 109 ambtenaren, verstrekken van (contact) informatie aan de onderzoekers, etc.). De stuurgroep consulteert regelmatig met de onderzoekers. Er is tevens een referenti"
2,Modern racism& inequality,0,Colonialism,,,True,False,,,,"17 5.2 Nederland In artikel 1 van de Nederlandse Grondwet is verankerd dat allen die zich in Nederland bevin­ den, in gelijke gevallen gelijk worden behandeld. Discriminatie wegens godsdienst, levens­ overtuiging, politieke gezindheid, ras,"
1,Historical slavery,0,Colonialism,,,True,False,,,,"— 237 — Helmut Gezius 16. Van leed en verzet naar veerkracht: slavernij in Suriname De tijd waarin de kolonisatie plaatsvond, en daarbinnen de slavernij­ periode, heeft de demografische compositie en de sociaaleconomische ­productiestructuu"
2,Modern racism& inequality,0,Colonialism,,,True,False,,,,"Hĳ noemt het weliswaar geen racisme, maar snapt dat dit ‘volksfeest’ langzaam zal veranderen. In praatprogramma’s zien we voor het eerst alleen zwarte gasten aan tafel. Weliswaar beperkt in verschillende praatprogramma’s de discussie zich t"
2,Modern racism& inequality,0,Colonialism,,,True,False,,,,"Basis voor racisme Dit soort ideeën hebben een effect gehad op de vorming van racistische denkbeelden van nu. De elite van toen legde de basis voor vormen van institutioneel racisme, die tot op de dag van vandaag zijn blijven bestaan. De te"
2,Modern racism& inequality,0,Colonialism,,,True,False,,,,"2 1. De wederzijdse verbondenheid in een gedeelde geschiedenis van ongelijke machtsverhoudingen tussen Nederland en de voormalige West Indische kolonies Suriname en de Nederlandse Antillen 2. Een nationale, lokale, buurt-gemeenschap of ande"
1,Historical slavery,0,Colonialism,,,True,False,,,,"Meer lezen Uit De slavernij in Oost en West, het Amsterdam onderzoek (2020, SPECTRUM): • Ramona Negrón, Pieter Volkmar, Amsterdamse handelaar in slaafgemaakte kinderen. • Humphrey E. Lamur, De plantage Vossenburg in Suriname tijdens de laat"
2,Modern racism& inequality,0,Colonialism,,,True,False,,,,RACISME BIJ HET MINISTERIE VAN BUITENLANDSE ZAKEN Een verkennend onderzoek 86 sterke druk vandaan komt om te conformeren of te assimileren aan de organisatiecultuur van de meerderheid. “Er wordt assimilatie verwacht. De assimilatiedruk is e
1,Historical slavery,0,Colonialism,,,True,False,,,,"24. Raat, The Life of Governor Joan Gideon Loten, 52-53. 25. H. Sutherland, ‘Slavery and the Slave Ttrade in South Sulawesi, 1660s- 1800s’, in: Reid en Brewster (red.), Slavery, Bondage and Dependency, 263-285, aldaar 266-271; Gerrit Knaap "
1,Historical slavery,0,Colonialism,,,True,False,,,,"3, p. 24-25. 80 Zie de artikelen 69 Wetboek van Strafrecht van Nederland, 71 Wetboek van Strafrecht BES, 1:144 Wetboek van Strafrecht van Aruba, Wetboek van Strafrecht van Sint-Maarten en Wetboek van Strafrecht van Curaçao. 81 Naast natuurl"
1,Historical slavery,0,Colonialism,,,True,False,,,,")s dit op zichzelf beschouwd niet reeds zeer hard? De vroegere eigenaar had welligt — en de Vergadering heeft getoond dit te begrijpen — eenige aanspraak tegen den Staat op tegemoetkoming voor de schokken, die welligt zijn eigendom zal onde"
2,Modern racism& inequality,0,Colonialism,,,True,False,,,,"Zij die vrijheid voorstaan, begeeren geen losbandigheid. Dit behoeft waarlijk geen betoog. Maar bovendien, wij spreken hier alleen over persoonlijke vrijheid. Er is geen quaestie van om aan een neger, die gisteren nog slaaf was, morgen poli"
2,Modern racism& inequality,0,Colonialism,,,True,False,,,,RACISME BIJ HET MINISTERIE VAN BUITENLANDSE ZAKEN Een verkennend onderzoek 63 om een deel van de eigen culturele en religieuze identiteit te verloochenen. Zij ervaren dat zij harder moeten werken dan hun witte collega’s om te bewijzen dat z
2,Modern racism& inequality,0,Colonialism,,,True,False,,,,"RACISME BIJ HET MINISTERIE VAN BUITENLANDSE ZAKEN Een verkennend onderzoek 87 “Je moet aan bepaalde voorwaarden voldoen, wil je volledig geaccepteerd worden. Ik denk niet dat dit specifiek Buitenlandse Zaken is. Het is een landelijk, Nederl"
1,Historical slavery,0,Colonialism,,,True,False,,,,"NINSEE 85 zonder eenig loon, zij bleven gebonden aan de strafwet, die onder den druk der slavernij op hen werd toegepastǳ.197 Na deze uitleg over het Engelse Staatstoezicht vervolgde de minister dat: ǲ(etgeen Nederland beoogt met zijn staat"
1,Historical slavery,0,Colonialism,,,True,False,,,,"Zoals hij stelde: “Liever arm dan in slavernij leven”.’11 Het leven op de sabanas, zogeheten weidegronden tussen de plantages, die meestal niet heel vruchtbaar waren, was geen sinecure. De bewoners leefden in armoede en zonder veel perspect"
1,Historical slavery,0,Colonialism,,,True,False,,,,"Bosch Reitz Jr, 1842. Dit ontwerp leek erg veel op het vierde ontwerp van drie jaar eerder. Ook Bosch Reitz wilde alle slaaf-gemaakten onder brengen bij het Gouvernement, en een schadeloosstelling geven aan de houders van de slaaf- gemaakte"
2,Modern racism& inequality,0,Colonialism,,,True,False,,,,"3 eeuwenlange dehumanisering, vernederingen, generationeel trauma, geïnternaliseerd racisme, de mythe van witte superioriteit, en de constante stress van alledaags racisme (Bajaj en Stanford 2021, Dikmans, 2020; Majors et al 2020). Dit ‘hel"
2,Modern racism& inequality,0,Colonialism,,,True,False,,,,"RACISME BIJ HET MINISTERIE VAN BUITENLANDSE ZAKEN Een verkennend onderzoek 59 de hoop zo hun kansen op waardering, acceptatie, respect en een gelijkwaardige behandeling te vergroten en racisme te voorkomen (Omlo, 2020). Conformeren uit zich"
2,Modern racism& inequality,0,Colonialism,,,True,False,,,,Het is ook van belang de betekenis van discriminatie- en racismebestrijding te overwegen vanuit verschillende generatieperspectieven. Jongere generaties voortgekomen uit tot slaafgemaakte voorouders beleven hun identiteit in Nederland ander
2,Modern racism& inequality,0,Colonialism,,,True,False,,,,"RACISME BIJ HET MINISTERIE VAN BUITENLANDSE ZAKEN Een verkennend onderzoek 105 Nhass, H. & Poerwoatmodjo (2021) Wanner de patiënt niet op z’n best is. Een kwalitatieve verkenning naar ervaringen van zorgmedewerkers met discriminatie en voor"
1,Historical slavery,0,Colonialism,,,True,False,,,,"— 217 — — SLAVERNIJ, AFSCHAFFINGEN EN DOORWERKINGEN — symbolisch bedoeld, of stond het ook voor de wens om de koloniale ­slavernijwetten in Nederland door te voeren? Anders dan de eerder­ genoemde objecten brengt dit afschuwelijk gebruiksvo"
2,Modern racism& inequality,0,Colonialism,,,True,False,,,,RACISME BIJ HET MINISTERIE VAN BUITENLANDSE ZAKEN Een verkennend onderzoek 5 Managementsamenvatting Racisme is een wijdverbreid fenomeen dat mede als gevolg van de aandacht voor de Black Lives Matter beweging in toenemende mate en expliciet
2,Modern racism& inequality,0,Colonialism,,,True,False,,,,"Geraadpleegd van eenvandaag. avrotros.nl/panels/opiniepanel/alle-uitslagen/item/flink-minder-mensen-willen-dit-jaar-dat-piet- nog-zwart-is/ • Engeland, W. van, Kanne, P., Driessen, M. (2021). Excuses voor het Nederlandse slavernijverleden? "
1,Historical slavery,0,Colonialism,,,True,False,,,,"Maarten (1988) komen slavenverhalen van Sint Eustatius voor. Saba Het proefschrift van Ryan Espersen, “Better than we”: Landscapes and materialities of race, class, and gender in preemancipation colonial Saba, Dutch Caribbean (2017), versch"
2,Modern racism& inequality,0,Colonialism,,,True,False,,,,"EPILOOG 271 Wat hebben jullie van huis uit over het onderwerp slavernĳ meegekregen? NM: Er werd bĳ mĳ thuis niet bewust over slavernĳ gesproken, het was niet een topic. Er waren natuurlĳk wel boeken en er werden dingen georga- niseerd. Ik b"
1,Historical slavery,0,Colonialism,,,True,False,,,,— 364 — — STAAT EN SLAVERNIJ — ◼ ◼◼ Vervolgonderzoek naar particulieren belangen Veel van de kennis over dit onderwerp komt voort uit een historische belangstelling voor kooplieden; door portretten zoals dat van Gerard Andriesz Bicker (‘dik
2,Modern racism& inequality,0,Colonialism,,,True,False,,,,"Noch in zijne geringe behoeften, noch in zijn tegenwoordigen toestand van ontwikkeling en beschaving is zoodanige prikkel te vinden. En zoolang zoodanige prikkel in hem ontbreekt, moet die van buiten af worden aangebragt, moet hij desnoods "
1,Historical slavery,0,Colonialism,,,True,False,,,,"Toen de bestuurders van de WIC in Amsterdam het nieuws vernamen, noemden zij het zinken van de Leusden ‘een gevoelige schade voor de compagnie’. Dat bedoelden zij puur in economische zin. Over de massamoord werd geen woord gesproken. Slaven"
1,Historical slavery,0,Colonialism,,,True,False,,,,— 168 — — STAAT EN SLAVERNIJ — ciershuizen in het hart van het negotiatiestelsel verwierven zo een centrale plaats in de lucratieve handel in Caribische goederen en verlangden daar bovenop allerlei commissies. In de late jaren zestig en de 
2,Modern racism& inequality,0,Colonialism,,,True,False,,,,"De uitzondering op die regel is minister Grapperhaus (CDA) die erop stond excuses aan te bieden voor het gebruiken van een stemverheffing tijdens een debat met de Kamer. Wat ook opvalt, en belangrijker is voor de onze kwestie hier, is dat i"
2,Modern racism& inequality,0,Colonialism,,,True,False,,,,"Passiviteit houdt racisme met andere woorden in stand. Ook zorgen ervaringen van passief racisme voor gevoelens van teleurstelling. Het maakt ervaringen van racisme extra pijnlijk, omdat mensen merken dat ze niet op steun hoeven te rekenen "
1,Historical slavery,0,Colonialism,,,True,False,,,,En is de betrokkenheid van personen uit de Zuidelijke Nederlanden in de zestiende-eeuwse slaven­ handel niet evengoed een onderdeel van de Nederlandse geschiedenis? De Nederlandse slavernijgeschiedenis abrupt laten beginnen in de jaren 1590
1,Historical slavery,0,Colonialism,,,True,False,,,,"Nog gevaarlĳker waren de werkzaamheden in het kookhuis, waar ketels hingen waarin het suikersap gekookt werd. Een slaafgemaakte kon hier uitglĳden en in de kokendhete ketel terechtkomen.34 Het raffineren van suiker verbindt het Suikerhuis o"
2,Modern racism& inequality,0,Colonialism,,,True,False,,,,Racisme op de arbeidsmarkt 85 10. Het maatschappelĳ ke ideaal van gelĳ kheid 93 11. Mechanismen die ongelĳ ke behandeling aan het oog onttrekken 101 12. Witheid 111 13. Witte kwetsbaarheid 129 14. Alles heeft met alles te maken 137 15. Wit 
2,Modern racism& inequality,0,Colonialism,,,True,False,,,,"23 BES.6> Zwarte maatschappelijke organisaties en Zwarte experts dienen betrokken te worden bij het vaststellen van de profielen van de raadsleden van de Commissie, het topmanagement van het Nationaal Bureau, de selectieprocedure en het vas"
2,Modern racism& inequality,0,Colonialism,,,True,False,,,,"T. (2021) The psychology of American Racism, American Psychologist, 77 (3), p. 475-487. Schinkel, W. (2008) De gedroomde samenleving. Kampen: Uitgeverij Klement. Selm, M. van (2007) Focusgroeponderzoek., in Tijdschrift voor Kwalitatief Onde"
2,Modern racism& inequality,0,Colonialism,,,True,False,,,,RACISME BIJ HET MINISTERIE VAN BUITENLANDSE ZAKEN Een verkennend onderzoek 46 kunnen en niet snappen en niet op hun niveau zitten”. Lokaal aangenomen medewerkers voelen verder dat de waarde van hun lokale kennis en expertise wordt onderscha
1,Historical slavery,0,Colonialism,,,True,False,,,,"2020. De slavernij in Oost en West: het Amsterdams onderzoek. Amsterdam: Spectrum. Oostindie, Gert (red). 2020. Het koloniale verleden van Rotterdam. Amsterdam: Boom. Van Stipriaan, Alex. 2020. Rotterdam in Slavernij."
1,Historical slavery,0,Colonialism,,,True,False,,,,"— 170 — — STAAT EN SLAVERNIJ — Pieter Jacob Schumacher, wiens voorouders een negotiatiefonds beheer­ den en prominente planters en handelaren in plantagegoederen uit ­Berbice waren. De familie Heineken is daarmee een van de talrijke wel­ ge"
2,Modern racism& inequality,0,Colonialism,,,True,False,,,,"40 “Iedere gemeente is wettelijk verplicht om een laagdrempelige en onafhankelijke voorziening in te stellen, waar burgers terecht kunnen met klachten over discriminatie. Zo’n gemeentelijke antidiscrimi- natievoorziening (kortweg: antidiscr"
1,Historical slavery,0,Colonialism,,,True,False,,,,"— 320 — — STAAT EN SLAVERNIJ — Koloniale slavernij viel in de laatste categorie. In de koloniale samenle­ ving werden slaafgemaakte mensen ingezet voor zware fysieke arbeid voor de voc in en om de havens en de forten, maar ook op plantages "
1,Historical slavery,0,Colonialism,,,True,False,,,,"Dit hield in dat de inheemse bevolking 20% van de oogst moest afstaan aan de Nederlandse kolonisator. Dit systeem kwam vooral op Java voor. De Nederlanders bepaalden wat de bevolking moest verbouwen: koffie, thee, indigo (een kleurstof) en "
1,Historical slavery,0,Colonialism,,,True,False,,,,"de Neufville, 1841. De Neufville opperde de oprichting van een maatschappij die de plantagegronden en slaaf-gemaakten zou Ǯaankoopenǯ, om de slaaf-gemaakten daarna Ǯin vrijheid te stellenǯ, zodat ze de plantagegronden zelf konden gebruiken "
1,Historical slavery,0,Colonialism,,,True,False,,,,"WAAROM VRIJHEID NIET KON WACHTEN NIMAKO, DELEA & ESAJAS 132 van den neger is. Het is dus niet voldoende te bepalen dat zoodanige maatregelen genomen moeten worden, die in zijn belang noodig zijn; zij moeten ook strekken tot zijne beschermin"
2,Modern racism& inequality,0,Colonialism,,,True,False,,,,"RACISME BIJ HET MINISTERIE VAN BUITENLANDSE ZAKEN Een verkennend onderzoek 62 verbinden aan de verschillende racismevormen (vgl. Omlo, 2020). In algemene zin kunnen we stellen dat medewerkers zowel subtiel als openlijk racisme ervaren. Bela"
