topic,keyword
Civil Rights,AMBASSAD
Civil Rights,ANTILLIAAN
Civil Rights,BURGERRECHTEN
Civil Rights,CHARTE
Civil Rights,CVP
Civil Rights,CYBERCRIM
Civil Rights,DADERPROFIEL
Civil Rights,DEMONSTRANT
Civil Rights,DIEF
Civil Rights,DISCRIMINAT
Civil Rights,EREDIENST
Civil Rights,GEVANGENE
Civil Rights,GEVANGENEN
Civil Rights,GRONDRECHT
Civil Rights,IMMIGRANT
Civil Rights,INTERPOL
Civil Rights,KIESSTELSEL
Civil Rights,KLIMAATCONFERENTIE
Civil Rights,KONINKRIJKSRELATIE
Civil Rights,MAFFIA
Civil Rights,MOSLIM
Civil Rights,NIEUWKOMER
Civil Rights,ONDERMIJN
Civil Rights,ONTWIKKELINGSBELEID
Civil Rights,OORLOGSMISDAD
Civil Rights,OVERVAL
Civil Rights,REPATRI
Civil Rights,SENAAT
Civil Rights,VOLKSVERTEGENWOORDIGER
Civil Rights,VRIJHEIDSSTRAF
Civil Rights,WERKVERGUNNING
Culture,CONCERT
Culture,DOPING
Culture,PAPIAMENTU
Culture,RTL
Culture,TENNIS
Education,EDUCAT
Healthcare,APOTHEKER
Healthcare,CHIRURG
Healthcare,DEMENT
Healthcare,PARAMEDISCH
Healthcare,PIL
Healthcare,PREVENT
Healthcare,PSYCHIATR
Healthcare,TANDHEELKUND
Healthcare,TBC
Healthcare,WACHTLIJST
Poverty,APPARTEMENT
Poverty,BEDRIJFSONGEVAL
Poverty,DAKLOZ
Poverty,HUURPRIJZEN
Poverty,HUURSUBSIDIE
Poverty,LOONKOST
Poverty,PARTTIME
Poverty,VERGRIJZING
Poverty,VOLTIJDS
Poverty,WERKZOEKEND
