chunk_id,filename,primary_topic,max_score,cos_Colonialism,cos_Historical Slavery,cos_Modern Racism & Inequality,confidence_level,raw_text
4ff7146d:00000,C:\Users\Home\policy-analysis\Slavery_text\Racisme bij het Ministerie van Buitenlandse Zaken. Een verkennend onderzoek.14.txt,Modern Racism & Inequality,0.6326256253192971,0.3683741570177545,0.4169769507387992,0.6326256253192971,high,"RACISME BIJ HET MINISTERIE VAN BUITENLANDSE ZAKEN 
Een verkennend onderzoek 
 
14 
 
komende jaren onderzoek doen naar discriminatie en racisme in uiteenlopende sectoren 
van de samenleving, inclusief de overheid. 1.1 De betekenissen van racisme 
In met name hoofdstuk 3 werken we de betekenis van racisme aan de hand van de 
concrete ervaringen van respondenten nader uit. In deze inleiding staan we op 
hoofdlijnen stil bij de betekenis van racisme. Juridische benadering van racisme 
Discriminatie op grond van onder meer ras, godsdienst en levensovertuiging is in 
Nederland verboden, zoals artikel 1 van de Grondwet duidelijk maakt. In juridisch 
perspectief is ook het Internationaal Verdrag Inzake de uitbanning van alle vormen van 
rassendiscriminatie relevant. Dit verdrag werd in 1965 aangenomen door de Verenigde 
Naties. Racisme wordt hierin omschreven als:  
 
“Elke vorm van onderscheid, uitsluiting, beperking of voorkeur op grond van ras, 
huidskleur, afkomst of nationale of etnische afstamming die ten doel heeft de erkenning, 
het genot of de uitoefening, op voet van gelijkheid, van de rechten van de mens en de 
fundamentele vrijheden op politiek, economisch, sociaal of cultureel gebied, of op 
andere terreinen van het openbare leven, teniet te doen of aan te tasten, dan wel de 
tenietdoening of aantasting daarvan ten gevolge heeft”. Racisme als een veelkoppig monster  
Naast een juridische benadering van racisme is er in de sociale wetenschappen veel 
gepubliceerd over (de betekenis van) racisme. In de wetenschappelijke literatuur is er 
brede erkenning voor het idee dat racisme een veelkoppig monster is. In navolging van 
veel andere wetenschappers zien wij racisme dan ook als een breed verschijnsel met 
uiteenlopende verschijningsvormen."
60d42fa3:00000,C:\Users\Home\policy-analysis\Slavery_text\Racisme bij het Ministerie van Buitenlandse Zaken. Een verkennend onderzoek.15.txt,Modern Racism & Inequality,0.6221744519440431,0.3198906573790789,0.3748920685832728,0.6221744519440431,high,"RACISME BIJ HET MINISTERIE VAN BUITENLANDSE ZAKEN 
Een verkennend onderzoek 
 
15 
 
dominante meerderheidsgroep en inferioriteit van verschillende etnische 
minderheidsgroepen. Subtiele vormen wordt vaak niet herkend als racisme 
Indirecte en subtielere vormen worden vaak niet herkend als racisme. Racisme roept 
doorgaans uitsluitend associaties op met kwaadaardige en openlijke vormen van haat, 
agressie en misbruik (Van den Broek, 2020). De veronderstelling heerst dat racisme een 
extreem verschijnsel is waar slechts een kleine groep zich schuldig aan maakt (Essed, 
2018). Een verwijt van racisme wordt ervaren als een zware beschuldiging. Er is mede 
daarom vaak een sterke weerstand tegen het gebruik van de term ‘racisme’. Alleen op 
incidentele basis wordt het gebruik ervan geaccepteerd. De allergie voor het gebruik van 
het woord racisme komt ook door het positieve en onschuldige zelfbeeld van witte 
Nederlanders (Ghorashi, 2015; Wekker, 2020). Alledaags racisme en microagressie 
 
Het niet herkennen van indirecte en subtiele vormen van racisme heeft te maken met de 
fixatie op praktijken die juridisch strafbaar zijn of op harde vormen van racisme. Een 
dergelijke benadering van racisme is een te beperkt perspectief, omdat het voorbij gaat 
aan de gelaagdheid, complexiteit en diversiteit aan ervaringen van mensen."
2d8a59a0:00000,C:\Users\Home\policy-analysis\Slavery_text\Racisme bij het Ministerie van Buitenlandse Zaken. Een verkennend onderzoek.28.txt,Modern Racism & Inequality,0.6210960110628875,0.2782866136104106,0.3562424654582339,0.6210960110628875,high,"RACISME BIJ HET MINISTERIE VAN BUITENLANDSE ZAKEN 
Een verkennend onderzoek 
 
28 
 
3 Racisme op de werkvloer  
 
In dit hoofdstuk beschrijven we de ervaringen van bi-culturele en lokaal aangenomen 
medewerkers met racisme in hun interacties met collega’s op de werkvloer in Den Haag 
en de verschillende ambassades. In de analyse van de interviews zijn we hierbij op zoek 
gegaan naar patronen, dat wil zeggen ervaringen die geregeld terugkeren in de verhalen 
van respondenten. Het gaat om ervaringen die meerdere respondenten gedeeld 
hebben. Dat kunnen persoonlijke ervaringen zijn, maar het kunnen ook ervaringen zijn die 
respondenten hebben waargenomen of gehoord hebben van collega’s. We staan verder 
stil bij de impact van racisme en de ervaren omvang van racisme. 3.1 
Verbale agressie gebruiken 
Om te beginnen ervaren respondenten verbale agressie vanwege hun afkomst, huidskleur, 
cultuur en/of religie. Zo maken zij melding van racistische scheldwoorden. Doorgaans 
worden de respondenten niet persoonlijk uitgescholden, maar wordt in hun aanwezigheid 
wel over anderen zo gesproken. Zo vertelt een aantal medewerkers dat mensen vanwege 
hun huidskleur meerdere keren aangeduid zijn als “apen”, “bokito’s”, “negers” en “zwarte 
piet”. Afrikaanse landen zijn door een medewerker omschreven als “apenlanden.” Deze 
scheldwoorden zijn uitgesproken binnen verschillende directies."
d5c37876:00000,C:\Users\Home\policy-analysis\Slavery_text\Allen e.a. - 2023 - Staat en slavernij het Nederlandse koloniale slavernijverleden en zijn doorwerkingen.167.txt,Historical Slavery,0.6158837934811486,0.4000476495051507,0.6158837934811486,0.3738665535438487,high,"— 167 —
— SLAVERNIJ, AFSCHAFFINGEN EN DOORWERKINGEN —
in een productiebedrijf in de Nederlandse Republiek.10 Rond de plantages 
ontstond een voor die tijd uniek geïntegreerd systeem van overzeese 
­productieve investeringen, grootschalige inzet van Afrikaanse slaafge­
maakten, een complex van zakelijke en financiële dienstverlening en 
­handels-, verwerkings- en consumptienetwerken tot diep in het Europese 
achterland. Deze grootschalige samenhang tussen (gedwongen) arbeids- 
en kapitaalvoorziening, productieve landbouw, handel en consumptie 
maakt de plantagesector voor velen een belangrijke voorloper van de 
hedendaagse kapitalistische wereldeconomie.11
 
Ook in voc-gebied in Azië waren plantages waarop slaafgemaakten 
gedwongen arbeid verrichtten voor de productie van exportgoederen. Het voc-monopolie op de intercontinentale handel wierp echter een 
grote drempel op voor directe private investeringen vanuit Europa in de 
Aziatische slavernij. Dat neemt niet weg dat handelaren en financiers in 
de Nederlandse Republiek verdienden aan de slavernij in Azië via hun 
investeringen in de voc, het doorverkopen van door slaafgemaakten 
geproduceerde goederen zoals foelie en nootmuskaat of door in Azië zelf 
vermogen op te bouwen. Naar de bijdrage van deze verschillende vormen 
van profiteren van Aziatische slavernij aan de kapitaalvorming in de 
Nederlandse Republiek moet nog systematisch onderzoek gedaan 
­worden. Drie hoofdbronnen kunnen worden aangewezen voor de miljoenen­
investeringen in het plantagestelsel in de Nederlandse Atlantische 
­koloniën. Ten eerste waren er kolonisten die zelf of met behulp van de 
eigen familienetwerken voldoende kapitaal bijeenbrachten om een plan­
tage te stichten en die vervolginvesteringen financierden uit de opbreng­
sten van de plantage. Voor grotere plantages kwam daar een tweede optie 
bij: geld lenen van kapitaalkrachtige kooplieden in de Nederlandse Repu­
bliek of elders. Een derde optie bood een nieuwe investeringsvorm die 
ontstond in de achttiende eeuw: de negotiatielening. Dat was een vorm 
van hypotheekverstrekking waarbij de plantage en slaafgemaakten als 
onderpand dienden."
c0aee7eb:00002,C:\Users\Home\policy-analysis\Slavery_text\Allen e.a. - 2023 - Staat en slavernij het Nederlandse koloniale slavernijverleden en zijn doorwerkingen.451.txt,Colonialism,0.6083362526434012,0.6083362526434012,0.4706401590848083,0.3523695606622229,high,"7. Archief Ministerie van Koloniën (na), inv.nr. 31; Joseph Siwpersad, De Nederlandse regering 
en de afschaffing van de Surinaamse slavernij, 1833-
1863 (Groningen 1979) 14. 8. Duplicaten Bestuursarchieven van Suriname 
(na), inv.nr. 42, scan 157; Dorsey, Slave Traffic 
in the Age of Abolition, 200. 9. Alex van Stipriaan, Surinaams contrast. Roofbouw en overleven in een Caribische 
plantagekolonie, 1750-1863 (Leiden 1993) 314; 
Joseph Siwpersad, De Nederlandse regering en de 
afschaffing, 47. 10."
a1a7c598:00001,C:\Users\Home\policy-analysis\Slavery_text\Allen e.a. - 2023 - Staat en slavernij het Nederlandse koloniale slavernijverleden en zijn doorwerkingen.125.txt,Historical Slavery,0.6028114063158407,0.3654434036072671,0.6028114063158407,0.3571035802019902,high,"Slavernij is dus 
onlosmakelijk verbonden met die oorlog. Het ontvoeren en vervoeren van Afrikanen om hen tot slaaf te maken, als­
mede de verschrikkingen die daarmee gepaard gingen, waren primair 
bedoeld om de slaafgemaakten onder dwang en zonder arbeidscontract 
goederen te laten produceren onder toezicht van de slaafmakers. Veel 
wetenschappers gebruikten de benaming ‘planters’ voor de slaafmakers, 
al blijkt uit alle bewijsmateriaal dat zij in werkelijkheid geen sprietje 
plantten. Het waren de slaafgemaakten die hakten, verbouwden en oogst­
ten, die balen droegen, kookten, serveerden, wasten en schoonmaakten, 
zodat de slaafmakers op de plantages, onbekommerd door deze onge­
schoolde tijdsbestedingen, zich konden wijden aan lezen, schrijven, 
­sporten en andere vormen van zelfontplooiing en recreatie."
4d67731d:00000,C:\Users\Home\policy-analysis\Slavery_text\Amsterdam en het slavernijverleden.37.txt,Historical Slavery,0.5993153132655219,0.39165247750384,0.5993153132655219,0.235997457303472,high,"37
­plantagehouders. Slaafgemaakten leefden 
vaak in gezinsverband in eenvoudige hutten 
op de plantage. Ze probeerden daarbij om 
hun Afrikaanse geloof en cultuur aan te 
houden, maar veel ‘eigenaren’ moesten 
daar niets van hebben. Plantage Vossenburg
Slaafgemaakten werkten meestal twaalf 
uur per dag. Dat werk bestond voor 
mannen uit zware arbeid, zoals het 
kappen van het regenwoud om het 
geschikt te maken voor het verbouwen 
van gewassen, maar ook het verbouwen 
en verwerken van de gewassen zelf. Sommige slaafgemaakten werden 
opgeleid tot het uitoefenen van 
ambachten. Zo werkten er op de 
plantage Vossenburg in Suriname 
bijvoorbeeld timmermannen en 
kuipers. Vrouwen werkten op het land 
of in de huishouding. Plantage Vossenburg was vanaf 1729 
tot na 1863 het eigendom van de 
Arnhemse burgemeestersfamilie 
Brantsen. Volgens een lijst uit 1852 
waren er dat jaar 136 slaafgemaakten 
op de plantage."
994e8750:00000,C:\Users\Home\policy-analysis\Slavery_text\Racisme bij het Ministerie van Buitenlandse Zaken. Een verkennend onderzoek.103.txt,Modern Racism & Inequality,0.594860025512619,0.3457404218498618,0.4119725139845131,0.594860025512619,high,"RACISME BIJ HET MINISTERIE VAN BUITENLANDSE ZAKEN 
Een verkennend onderzoek 
 
103 
 
Felten, H., Does, S., De Winter Kocak, S., Asante, A., Andriessen, I., Donker, R., & Brock, A. (2021). Institutioneel racisme in Nederland. Literatuuronderzoek naar de aanwijzingen voor 
institutioneel racisme op de domeinen arbeidsmarkt, woningmarkt, onderwijs en politiek. Utrecht: Kennisplatform Integratie & Samenleving. Fermin, A., Omlo, J., Walz, G., Kromhout, M., Robbers, S. & Butter, E. (2021) Institutioneel 
racisme bij de gemeente Utrecht? Een verkennende studie naar processen van uitsluiting 
op vier beleidsterreinen. Utrecht: Bureau Omlo."
43319f39:00000,C:\Users\Home\policy-analysis\Slavery_text\Racisme bij het Ministerie van Buitenlandse Zaken. Een verkennend onderzoek.34.txt,Modern Racism & Inequality,0.594832929518593,0.3188068941623977,0.3154104938940523,0.594832929518593,high,"RACISME BIJ HET MINISTERIE VAN BUITENLANDSE ZAKEN 
Een verkennend onderzoek 
 
34 
 
religieuze achtergrond. Doordat zij door een religieuze of etnische bril bekeken worden, 
wordt over het hoofd gezien dat zij beschikken over bepaalde expertise en kennis. Om niet 
beschuldigd te hoeven worden van partijdigheid doen sommige collega’s aan 
“zelfcensuur”. Ze hebben het gevoel dat er geen veilige werkomgeving is om bepaalde 
politieke standpunten in te nemen. Cultureel racisme  
In de wetenschappelijke literatuur worden bovengenoemde patronen ook wel 
omschreven als cultureel racisme. Niet zozeer uiterlijke kenmerken en afkomst, maar de 
afwijkende cultuur van de ander vormt de belangrijkste aanleiding om over te gaan tot 
ongelijke behandeling en stereotiepe uitspraken. Er vindt uitsluiting plaats op basis van 
vermeende cultuurverschillen (vgl. Blokland & Hondius, 2003; Gilroy, 1987; Ghorashi, 2006; 
Gowricharn, 2000). Volgens Barker (1981), Essed (2018) en Witte (2010) is dit ook een vorm 
van racisme, omdat ‘cultuur’ veelal wordt verondersteld op basis van uiterlijke kenmerken, 
zoals huidskleur, afkomst en nationaliteit. De cultuur van de ander wijkt af van de norm en 
wordt veroordeeld en gediskwalificeerd als primitief, onderontwikkeld en minderwaardig."
359eabd7:00000,C:\Users\Home\policy-analysis\Slavery_text\ketenen van het verleden.194.txt,Modern Racism & Inequality,0.5937297378100257,0.320680925601477,0.3352952080831976,0.5937297378100257,high,"8 
Essed, P. (2020). Humiliation, dehumanization and the quest for dignity. Routledge International 
Handbook of Contemporary Racisms,  
Essed, P. (2020, 1991). Racismekennis [Inzicht in alledaags racisme]. Amsterdam: van Gennep. Eyerman, R. (2001). Cultural trauma: Slavery and the formation of African American identity 
Cambridge University Press."
61ffcc5c:00000,C:\Users\Home\policy-analysis\Slavery_text\Racisme bij het Ministerie van Buitenlandse Zaken. Een verkennend onderzoek.77.txt,Modern Racism & Inequality,0.5934271020110723,0.2356313412375618,0.3086595556697529,0.5934271020110723,high,"RACISME BIJ HET MINISTERIE VAN BUITENLANDSE ZAKEN 
Een verkennend onderzoek 
 
77 
 
ervaren. Het roept bij veel mensen de associatie op van openlijk racistisch geweld en 
agressie, zoals de “Ku Klux Klan”. Er is een dus een beperkte interpretatie van wat racisme 
inhoudt. Er zijn uiteenlopende verschijningsvormen van racisme bestaan en deze zijn zoals 
eerder aangegeven niet allemaal kwaadaardig en bewust. Medewerkers zien met name 
subtiel racisme over het hoofd. Daar is een “compleet blinde vlek” voor. Het is dan ook 
niet per se “onwelwillendheid”, medewerkers hebben “totaal geen idee”. Ook in twee 
focusgroepen bestond er bij een aantal deelnemers de neiging om racisme te willen 
beperken tot de openlijke en agressieve vormen. Deze tendens zorgt ervoor dat racisme 
een uiterst gevoelig en ongemakkelijk gespreksonderwerp is waar vaak nog een taboe op 
rust en dat maakt het moeilijk bespreekbaar. Een respondent constateert in dit verband 
dat “racisme” een verboden woord is."
b79b973e:00001,C:\Users\Home\policy-analysis\Slavery_text\Allen e.a. - 2023 - Staat en slavernij het Nederlandse koloniale slavernijverleden en zijn doorwerkingen.452.txt,Colonialism,0.5914226395039895,0.5914226395039895,0.4712523432645245,0.4186692285531121,high,"◼ ◼◼  12. Het koloniaal profijt van onvrije arbeid 
– Jan Breman
1. Jan Breman, Koloniaal profijt van onvrije arbeid. Het Preangerstelsel van gedwongen koffieteelt op 
Java (Amsterdam 2010) 117. 2. Jan Breman, ‘Control of Land and Labour 
in Colonial Java. A Case Study of Agrarian 
Crisis and Reform During the First Decades 
of the Twentieth Century,’ Verhandelingen van 
het Koninklijk Instituut voor Taal-, Land- en 
Volkenkunde 101 (Dordrecht 1983) 5-22. 3. Breman, Koloniaal profijt van onvrije arbeid, 216. 4."
20b18ad5:00002,C:\Users\Home\policy-analysis\Slavery_text\Racisme bij het Ministerie van Buitenlandse Zaken. Een verkennend onderzoek.105.txt,Modern Racism & Inequality,0.5897479740066124,0.3349897955367265,0.2659094346726517,0.5897479740066124,high,"(1986) Modern racism, ambivalence, and the modern racism scale. In 
Dovidio, F.J. & Gartner, S.L. (eds.) Prejudice, discrimination and racism. (p. 91- 126). Orlando, FL: Academic Press. Roberts, S. O. & Rizzo, M."
e738a35b:00000,C:\Users\Home\policy-analysis\Slavery_text\Jouwe e.a. - Slavernij en de stad Utrecht.21.txt,Historical Slavery,0.5874568030301743,0.4234547312529147,0.5874568030301743,0.4003412325377758,high,"INLEIDING 
21
weggerukt en kregen ze nieuwe namen. De angst voor opstanden was 
reëel onder de plantagehouders en slaveneigenaren, hetgeen zĳ com-
penseerden met een hard regime. Ongehoorzaamheid werd vaak zwaar 
gestraft. Niet voor niets deden veel tot slaaf gemaakten een vluchtpoging. Alles was beter dan een leven in slavernĳ. Zoals Anton de Kom in zĳn 
klassieke aanklacht Wĳ slaven van Suriname benadrukte, was de vlucht 
een laatste wanhoopsdaad van de zwarte arbeiders onder een geweld-
dadig arbeidsregiem.16 De individuele geschiedenissen van tot slaaf 
gemaakten zĳn vaak moeilĳk te achterhalen, maar ze vormen het canvas 
waarop de Utrechtse notabelen, de investeerders, suikerraffinadeurs, 
de kooplieden en matrozen van de voc en de plantage-eigenaren in dit 
boek profiel krĳgen. Racisme en slavernĳ
De opkomst van rasdenken, Europees kolonialisme en slavernĳ zĳn nauw 
met elkaar verweven. Raciale logica was al vroeg in deze geschiedenis 
aanwezig, zelfs al werd racisme – voor het ontstaan van het wetenschap-
pelĳk racisme – meestal in religieuze termen verwoord. De voc zag 
zich in Azië bĳvoorbeeld als een christelĳke overheid, en in de vroege 
Atlantische wereld was er volgens historicus Katharine Gerbner nog 
niet zozeer sprake van een expliciete ideologie van white supremacy als 
wel van protestant supremacy.17 Dat het in de praktĳk toch om raciaal 
onderscheid ging, en niet om religieus onderscheid, blĳkt wel uit wat er 
gebeurde toen het christelĳk geloof zich in toenemende mate onder tot 
slaaf gemaakten begon te verspreiden. Religieuze legitimeringen voor 
de slavernĳ maakten snel plaats voor een meer expliciete racistische 
ideologie."
0ac769e6:00000,C:\Users\Home\policy-analysis\Slavery_text\Allen e.a. - 2023 - Staat en slavernij het Nederlandse koloniale slavernijverleden en zijn doorwerkingen.113.txt,Historical Slavery,0.5859125890281653,0.4336728105624666,0.5859125890281653,0.3572516258536693,high,"— 113 —
— SLAVERNIJ, AFSCHAFFINGEN EN DOORWERKINGEN —
enerzijds en de verplichte registratie van slaafgemaakten vanaf 1826 
anderzijds effectieve maatregelen om deze praktijk te bestrijden.1
In die Surinaamse plantage-economie, waar slaafgemaakten meer dan 
negentig procent van de bevolking uitmaakten, tonen de demografische 
cijfers niet alleen het gevolg van de slavernij voor de levens van mensen 
maar ook het falen van dat systeem na het stoppen van de handel; nooit 
zou het aantal geboortes de sterfte overstijgen. Vooral het leven op de 
­suikerplantages eiste zijn tol. Toen de invoer van nieuwe slaafgemaakten 
stopte, voelden de planters direct de gevolgen. De slavernij op de eilanden werd daarentegen niet gekenmerkt door een 
sterfteoverschot. Een gezonder klimaat en het ontbreken van een groot­
schalige plantage-economie zoals in Suriname zouden redenen daarvoor 
kunnen zijn. Daarom werd lange tijd aangenomen dat slavernij op 
de eilanden minder zwaar was. Recent archeologisch (bot)onderzoek en 
onderzoek naar het gebruik van orale tradities op de Caribische eilanden 
door onder andere archeoloog Felicia Fricke doen dat beeld kantelen. Beide tonen nieuwe perspectieven op de levensomstandigheden van slaaf­
gemaakten, hun dieet, fysieke gesteldheid, eventuele letsels als gevolg van 
straffen en daarmee ook op verzet en religie. De verschillen tussen de 
eilanden worden zichtbaar. Mogelijk biedt dit onderzoek in de toekomst 
meer informatie over de levensomstandigheden in de laatste fase van de 
slavernij, na de afschaffing van de handel.2 
De afschaffing van de (illegale) slavenhandel vormde de aanzet tot her­
vormingen door het koloniale bestuur."
f30ff89f:00001,C:\Users\Home\policy-analysis\Slavery_text\Amsterdam en het slavernijverleden.38.txt,Historical Slavery,0.585829467151928,0.2365670231209133,0.585829467151928,0.256754708122992,high,"Slaafgemaakten die wegliepen, werden 
naakt aan een grote paal gebonden, tot 
bloedens toe geslagen en daarna werden 
hun wonden ingesmeerd met zout water 
of pekel. Maar ook de slaafgemaakten die in een 
huishouden woonden, moesten leven 
onder het juk van hun ‘eigenaar’. Officieel mochten slaafgemaakten niet 
mishandeld worden, maar wel gestraft. Zo mochten ze aan een paal gebonden 
worden en met een touw geslagen. Hoe 
wreed de ‘bezitters’ van slaafgemaakten 
soms tekeer gingen, kwam meestal pas aan 
het licht als een slaafgemaakte stierf aan 
zijn verwondingen en het lichaam door 
een arts werd onderzocht. Daarbij zag de 
38
Silhouetportretten van de de 
slaafgemaakte vrouwen Bietja,  
Flora en Sara, getekend door  
hun ‘eigenaar’ in Batavia. JAN BRANDES, 1780-1785 | 
RIJKSMUSEUM"
ececd1c2:00000,C:\Users\Home\policy-analysis\Slavery_text\Allen e.a. - 2023 - Staat en slavernij het Nederlandse koloniale slavernijverleden en zijn doorwerkingen.348.txt,Historical Slavery,0.5810776568271567,0.4089485508457789,0.5810776568271567,0.381376837950887,high,"— 348 —
— STAAT EN SLAVERNIJ —
­literatuur. Wie meer wil weten over de duidelijke participatie van Zuide­
lijke Nederlanders aan slavenhandel en inzet van slavenarbeid, moet 
negentiende- en begin-twintigste-eeuwse artikelen en werken lezen 
die vooral bronstudies van vijftiende- en zestiende-eeuwse kooplieden, 
plantage-eigenaars en ontdekkingsreizigers betreffen. Het lot van de ver­
melde slaafgemaakten wordt hierin betreurd en het systeem van slavernij 
veroordeeld. Of men moet op zoek naar vermeldingen van slaafgemaakten 
in literatuur uit de jaren zeventig, tachtig en negentig van de vorige eeuw, 
maar zelfs in deze werken vormen slavernij en slaafgemaakten geen afge­
bakend en op zichzelf staand onderzoeksonderwerp. De transcontinentale slavenhandel tussen Europa, Afrika en Amerika 
was vanaf het begin een ‘multinationale’ aangelegenheid. Met de bril van 
de eenentwintigste-eeuwse staatscontext naar die complexe en fluïde 
­handel kijken is daarom geen goed idee. Wat betekent het etiket Zuide­
lijke Nederlanden in die ‘multinationale’ trafiek in mensen? Wat doen we 
met de ‘Vlamingen’ die de Zuidelijke Nederlanden inwisselden voor het 
Iberisch schiereiland en de ‘Nieuwe Wereld’ en daar bleven om deel te 
nemen aan de slavenhandel? Het etiket Vlaams of Flamenco werd boven­
dien in de Iberische wereld op personen geplakt die afkomstig waren uit 
de Zuidelijke én de Noordelijke Nederlanden. Ons laten leiden door de 
latere opdeling tussen de Republiek en de Habsburgse Zuidelijke Neder­
landen vertroebelt meer dan deze verheldert."
f30ff89f:00000,C:\Users\Home\policy-analysis\Slavery_text\Amsterdam en het slavernijverleden.38.txt,Historical Slavery,0.5803501844304952,0.3783367532259082,0.5803501844304952,0.3184670343031326,high,"Het leven van 
slaafgemaakten in Azië 
Slaafgemaakten in Azië werkten op 
scheepswerven, in werkplaatsen, op het 
land, in de mijnen en in pakhuizen. Daar 
zat zwaar werk bij, zoals bomen hakken, 
steenhouwen, laden, lossen en sjouwwerk. ‘Eigenaren’ verhuurden ze ook vaak 
aan anderen en verdienden zo geld aan 
‘hun’ slaafgemaakten. Ook waren veel 
slaafgemaakten onderdeel van een 
huishouden. Sommige vrouwen moesten 
de heer des huizes vermaken met zang, 
dans en gedwongen seks. Het bezit van slaafgemaakten gaf hun 
‘eigenaren’ aanzien. Belangrijke VOC-
bestuurders bezaten meer slaafgemaakten 
dan VOC-medewerkers die minder 
verdienden. Zo hadden zeelieden en 
soldaten gemiddeld één slaafgemaakte, 
juniorassistenten hadden er ongeveer 
drie en in de hogere functies kon dit 
oplopen tot zelfs honderden. Harde straffen
Het werk in de mijnen was zwaarder 
dan het werk in de stad. Ook de straffen 
waren harder, tot ronduit sadistisch."
fbdfce80:00000,C:\Users\Home\policy-analysis\Slavery_text\Allen e.a. - 2023 - Staat en slavernij het Nederlandse koloniale slavernijverleden en zijn doorwerkingen.6.txt,Historical Slavery,0.5783992804686994,0.4665215005784981,0.5783992804686994,0.4510565420371508,high,"Deel 2
Slavernij, afschaffingen en doorwerkingen 
7. Het kronkelige pad van slavernij naar ‘vrije’ arbeid  
– Ellen Klinkers
Methode: archeologie — Felicia Fricke
 
8. Afschaffing zonder emancipatie – Kwame Nimako 
 
9. De Nederlandse politiek en slavernij in de negentiende eeuw  
– Lauren Lauret
10. Gedwongen verplaatsing en illegale slavenhandel  
na de afschaffing – Ulbe Bosma
Methode: slavenregisters en onderzoek — Coen van Galen
11. Slavernij, kolonialisme en de financiële sector – Pepijn Brandon
12. Koloniale onvrije arbeid in negentiende-eeuws  
Nederlands-Indië – Jan Breman  
Belast koloniaal verleden — Anne-Marieke van Schaik
13. Talen en literaturen van de voormalige Nederlandse  
koloniën – Michiel van Kempen 
Methode: slavernij en visuele bronnen — Caroline Drieënhuizen
14. ‘Somtijts een Moor by maegdekens’: de koloniale wereldorde 
in de Nederlandse kunst – Valika Smeulders 
Slavernij in Nederland? — Mark Ponte
111
122
125
133
145
156
161
173
184
187
198
203
218"
78bedea9:00000,C:\Users\Home\policy-analysis\Slavery_text\Racisme bij het Ministerie van Buitenlandse Zaken. Een verkennend onderzoek.107.txt,Modern Racism & Inequality,0.5774989615931742,0.3567996753353433,0.3601412012805414,0.5774989615931742,high,"RACISME BIJ HET MINISTERIE VAN BUITENLANDSE ZAKEN 
Een verkennend onderzoek 
 
107 
 
Bijlage 1 
Terms of Reference  
 
Verkenning naar racisme,  
 
Ministerie van Buitenlandse Zaken 
 
Datum: 9 maart 2022 
 
Achtergrondinformatie 
 
1. Aanleiding  
Antiracisme is onderdeel van de ambities van het ministerie van Buitenlandse Zaken (BZ) 
op het terrein van diversiteit en inclusiviteit. De urgentie van deze thematiek wordt 
onderstreept door onder andere: 
 
 
Vragen uit het ministerie over onderwerpen als: hoe verhoudt BZ zich tot de 
maatschappelijke discussie over racisme en dekolonisatie?  
De Toeslagenaffaire die licht werpt op de gevolgen van situatie van uitsluiting 
op basis van ras, etniciteit en afkomst binnen de overheid.  
Onderzoek in Nederlandse gemeenten dat duidelijk maakt dat institutioneel 
racisme op de arbeidsmarkt pregnant is. Aangenomen mag worden dat dit een 
issue is dat ook binnen het ministerie van BZ speelt – zowel op het departement 
in Den Haag als op de Nederlandse posten in het buitenland.  
De recente benoeming van een nationale coördinator discriminatiebestrijding: 
opportuun moment om aansluiting te vinden bij interdepartementale ambities.  
De internationale Black Lives Matter beweging. In het kader van de bevordering en implementatie van het vastgestelde D&I beleid is 
besloten nader onderzoek te verrichten naar racisme bij het Ministerie van Buitenlandse 
Zaken. De Bestuursraad heeft zich uitgesproken en gecommitteerd aan dit onderzoek en 
proces."
e29b2b78:00002,C:\Users\Home\policy-analysis\Slavery_text\Allen e.a. - 2023 - Staat en slavernij het Nederlandse koloniale slavernijverleden en zijn doorwerkingen.461.txt,Colonialism,0.576893886243599,0.576893886243599,0.4208402536948026,0.3950144652727244,high,"Indonesia,’Asian Perspectives. Journal of 
Archaeology for Asia and the Pacific, 52(2) (2013) 
213–243; Felicia Fricke et al. ‘Delayed 
physical development in a first generation 
enslaved African woman from Pietermaai, 
Curaçao,’International Journal of 
Osteoarchaeology, 30(1) (2019) 43–52; Brent 
Sinclair-Thomson en Sam Challis, ‘Runaway 
slaves, rock art and resistance in the Cape 
Colony, South Africa,’Azania. Archaeological 
Research in Africa, 55(4) (2020) 475–491; Cheryl 
White, ‘Archaeological investigation of 
Suriname Maroon ancestral 
communities,’Caribbean Quarterly, 55(2) 
(2009) 65–88. 2. Zie onder meer: Julie M. Schablitsky et al., 
‘Ancient dna analysis of a nineteenth 
century tobacco pipe from a Maryland slave 
quarter,’ Journal of Archaeological Science, 105 
(2019) 11–18. ◼ ◼◼  Belast koloniaal verleden – Anne-Marieke 
van Schaik
1. J. Mellegers, ‘Public Finance of Indonesia 
1817-1940,’ datafiles iisg, copy of revenues."
bbf21733:00001,C:\Users\Home\policy-analysis\Slavery_text\ketenen van het verleden.192.txt,Modern Racism & Inequality,0.5755956516661235,0.3364278808483298,0.3771564755927106,0.5755956516661235,high,"Het is ook van belang de betekenis van discriminatie- en 
racismebestrijding te overwegen vanuit verschillende generatieperspectieven. Jongere 
generaties voortgekomen uit tot slaafgemaakte voorouders beleven hun identiteit in 
Nederland anders dan degenen die in de vorige eeuw overzee werden geboren en 
opgroeiden. Nieuwe generaties, ‘zwart’, ‘bruin’ en ‘wit’, zoals huidige schoolgaanden, 
studerenden, of jonge ouders, hebben eigentijdse leeftijd- en leefstijl-verwachtingen ten 
aanzien van een racismevrij Nederland. Er is nauwelijks of geen onderzoek hierover. Wel 
is bekend dat de toekomst van menselijk leven op aarde hoog op de agenda staat van 
jongeren. Wellicht cultiveert deze nieuwe generatie het inzicht dat daadwerkelijke 
menselijke gelijkwaardigheid een noodzakelijke basis is voor de collectieve oplossing 
bijlage 4e"
bcd8dfbc:00000,C:\Users\Home\policy-analysis\Slavery_text\Amsterdam en het slavernijverleden.74.txt,Historical Slavery,0.574888018402114,0.4062206862744514,0.574888018402114,0.3707245893464677,high,"Slavenopstanden 
na aankomst
Zowel in Azië als in het Atlantisch gebied 
probeerden slaafgemaakten ruimte te 
vinden om zoveel mogelijk hun eigen 
leven te leiden, zelfs onder de continue 
dreiging van geweld van hun ‘meesters’. Ze streden voor behoud van de eigen 
gebruiken en eetgewoonten, religie, 
muziek en verhalen die ze meenamen 
vanuit Afrika naar de Amerika’s of op hun 
gedwongen transport over de Indische 
Oceaan. De Nederlandse slaveneigenaren 
waren doodsbang voor dit soort uitingen 
van onafhankelijkheid en vaardigden 
strenge regels uit om de bewegings­
vrijheid en zelfstandige ontwikkeling 
van slaaf­gemaakten in te perken. 74
De plantage Palmeneribo in 
Suriname. De Amsterdamse 
bestuurder Jonas Witsen was net  
de nieuwe eigenaar geworden en  
liet zijn ‘bezit’ schilderen. Het werd 
een geromantiseerde voorstelling 
vanuit een koloniale blik. DIRK VALKENBURG, CA. 1707 |  
RIJKSMUSEUM"
5001a196:00000,C:\Users\Home\policy-analysis\Slavery_text\Allen e.a. - 2023 - Staat en slavernij het Nederlandse koloniale slavernijverleden en zijn doorwerkingen.257.txt,Historical Slavery,0.5742645787193721,0.4337421498254061,0.5742645787193721,0.3894694891471079,high,"— 257 —
— NEDERLANDSE KOLONIALE SLAVERNIJ WERELDWIJD —
het huis, zwoegde het merendeel van de volwassen slaafgemaakten zes 
lange dagen per week onder de brandende zon in het veld. Het harde 
werk, zware straffen, en regelmatige honger eisten hun tol. Continu was 
een zesde van de volwassenen niet in staat te werken vanwege ziekte, ver­
wonding of blijvende invaliditeit. In Essequibo en Demerara werd veelal 
suiker verbouwd, in Berbice merendeels koffie. In Berbice begon men pas 
in het laatste kwart van de achttiende eeuw dicht bij de kust plantages aan 
te leggen. In Essequibo en Demerara was dat al voor het midden van de 
achttiende eeuw gebeurd. Om het getij onder controle te houden, zodat 
de velden niet onder zouden stromen, moesten slaafgemaakten kanalen 
en geulen graven en dijken bouwen, wat zwaar en afmattend werk was. Vrouwen zorgden ook, zo goed en zo kwaad als mogelijk naast hun veld­
werk, voor hun kinderen, conform West-Afrikaanse gendernormen die 
ook in de ‘Nieuwe Wereld’ gangbaar bleven. Zwangere vrouwen konden 
op weinig begrip van de planters rekenen. Sterfte onder kinderen was 
hoog, en ouders hadden weinig autonomie om hun kinderen op te voeden 
zoals ze dat wilden."
0931146d:00001,C:\Users\Home\policy-analysis\Slavery_text\ketenen van het verleden.267.txt,Modern Racism & Inequality,0.573296575027304,0.3370565388462888,0.3777725875249401,0.573296575027304,high,"Racisme, sociale kramp en innerlijke 
drijfkrachten in het betaald voetbal. Utrecht: Mulier Instituut. 16p. •	 Heij, P. C. van Eck & K. Baarda (2021). Nationaal Coördinator tegen Discriminatie en Racisme. Een 
verkenning. Den Haag: ABDTOPConsult."
f0a37492:00000,C:\Users\Home\policy-analysis\Slavery_text\Allen e.a. - 2023 - Staat en slavernij het Nederlandse koloniale slavernijverleden en zijn doorwerkingen.215.txt,Historical Slavery,0.5705428907961635,0.3071318705830338,0.5705428907961635,0.3631282599226435,high,"— 215 —
— SLAVERNIJ, AFSCHAFFINGEN EN DOORWERKINGEN —
Er zijn ook andersoortige objecten die handvatten bieden om ons in te 
leven in de ervaringen van slaafgemaakten in Nederland. Tot voor kort 
werden halsbanden in Nederlandse museale collecties steevast geclassifi­
ceerd als hondenbanden, zie p. 217, terwijl de halsband veelvuldig terug te 
vinden is als geschilderd motief en in verschillende Europese ­landen ook 
als object. Archiefonderzoek bewijst dat banden als gebruiksvoorwerp zijn 
vervaardigd om koloniale bedienden vast te kunnen ketenen. Zo plaatste 
in 1696 een lezer een oproep in de Amsterdamsche Courant voor een verloren 
gouden horloge met daaraan: ‘een silvere sleutel, ­dienende tot sluyting 
van een halsbant van een Neger’.11 Het zou interessant zijn om te onder­
zoeken hoe het gebruik van deze gruwelijke banden zich verhoudt tot 
de  okale wet omtrent het bezit van slaafgemaakten in dat specifieke land, 
en de economische en politieke belangen van de personen die die banden 
lieten maken. Was een dergelijke band in ­Nederland praktisch of vooral 
Inspectie van een regiment cavalerie door Cornelis Troost in 1742. Op de voorgrond staat een zwarte trommelaar."
97bfef21:00001,C:\Users\Home\policy-analysis\Slavery_text\Allen e.a. - 2023 - Staat en slavernij het Nederlandse koloniale slavernijverleden en zijn doorwerkingen.315.txt,Historical Slavery,0.5694063902867174,0.3706687953681425,0.5694063902867174,0.3497396549740083,high,"Het was immers verbo­
den om moslims te verkopen. Slaafgemaakten vluchtten zelfs vaak naar de 
rivalen van de voc, zoals de Britse en Franse Oost-Indische Compagnieën, 
om niet gevangengenomen te worden. Strafregisters en zelfs de periodieke rapporten die vanuit verschillende 
buitenposten naar Batavia werden gestuurd leveren belangrijke inzichten 
op in de leefwereld van de slaafgemaakten. Verzet speelde hierin een 
belangrijke rol. De sociale geschiedschrijving van de slavernij en de slaven­
handel in Europese nederzettingen in Zuid-Azië staat nog in de kinder­
schoenen. Historici zijn pas kortgeleden begonnen met het reconstrueren 
van de details. Een aspect dat veel invloed had op de leefwereld van de 
slaafgemaakten was de mate van bewegingsvrijheid. In Bengalen mochten 
ze zich binnen de nederzetting vrij bewegen en omgaan met allerlei arbei­
ders, zowel vrije als slaafgemaakte. Simon van Orissa, die in 1739 probeer­
de om het huis van zijn eigenaar te ontvluchten, kreeg daarbij hulp van 
een metselaar die op dat moment in het huis aan het werk was. Op de 
dagen dat de metselaar daar bezig was, vroeg hij meermaals aan Simon: 
‘Waarom ben je hier nog?’ Als betaalde arbeider die net als veel andere 
arbeiders regelmatig in verschillende nederzettingen werkte, had hij 
waarschijnlijk door dat huisslaven slechts een fractie vormden van de"
32ff4658:00000,C:\Users\Home\policy-analysis\Slavery_text\Allen e.a. - 2023 - Staat en slavernij het Nederlandse koloniale slavernijverleden en zijn doorwerkingen.117.txt,Historical Slavery,0.5688307950993974,0.4160918494636082,0.5688307950993974,0.3650509569392808,high,"— 117 —
— SLAVERNIJ, AFSCHAFFINGEN EN DOORWERKINGEN —
geproduceerd. Een uitzondering was Bonaire, waar slaafgemaakten in 
de zoutpannen werkten. Vrije arbeid betekende nog geen gelijke kansen op de eilanden, waar 
kleur, klasse en religie al voor 1 juli 1863 de status van zowel de vrije als de 
onvrije eilandbewoners bepaalden. Er heerste bittere armoede als gevolg 
van schaarste aan werk en land. Vooral de nazaten van slaafgemaakten 
kampten daarmee. Gebrek aan beschikbare vruchtbare grond en werk 
maakte de vrijgemaakten soms afhankelijk van hun voormalige eigenaren. Op Curaçao, bijvoorbeeld, bleven ze om die reden op het land van hun voor­
malige eigenaren wonen. In ruil voor grond werkten zij soms nog voor de 
landeigenaar (het paga tera-systeem). Om aan de armoede op de eilanden te 
ontkomen, emigreerden vooral mannen in groten getale (zie hoofdstuk 15 
van Charles do Rego). Een keerpunt bracht de opkomst van de olie-industrie door de Konink­
lijke Nederlandsche Petroleum Maatschappij Shell, eerst op Curaçao en ver­
volgens op Aruba, in de jaren twintig."
288d4bfe:00001,C:\Users\Home\policy-analysis\Slavery_text\Jouwe e.a. - Slavernij en de stad Utrecht.20.txt,Historical Slavery,0.5682155866795677,0.4322269697201972,0.5682155866795677,0.3372470878395621,high,"Gedurende enkele decennia van de zeventiende eeuw was de 
wic zelfs de grootste slavenhandelaar in het Atlantische gebied. Ook 
de voc, die eerder bekend staat als een handelaar in kruidnagelen en 
kaneel, heeft duizenden tot slaaf gemaakten uit Afrika, Madagaskar, 
India en Arakan (huidig Myanmar) weggevoerd en in de eigen vesti-
gingen verkocht of aan het werk gezet. De leefomstandigheden op de 
voc-schepen was voor tot slaaf gemaakten zo erbarmelĳk, dat velen er 
de dood vonden. In de loop van de zeventiende eeuw liet de Compagnie 
de slavenhandel steeds meer aan particuliere handelaren over. Onder 
hen waren veel Compagniesdienaren die voor eigen rekening in tot 
slaaf gemaakten handelden. Met deze geschiedenis zĳn de levens van duizenden Utrechters 
verbonden, en wat wellicht belangrĳker is, die van in totaal honderd-
duizenden tot slaaf gemaakten die uit hun dorpen en geboortestreken 
zĳn geroofd, aan Europeanen verhandeld en in een van de koloniën in 
Amerika, Afrika of Azië zĳn tewerkgesteld. Vaak werden zĳ honderden 
kilometers van hun huis vandaan vervoerd, werden zĳ van hun gezinnen"
788ee8dc:00000,C:\Users\Home\policy-analysis\Slavery_text\Racisme bij het Ministerie van Buitenlandse Zaken. Een verkennend onderzoek.75.txt,Modern Racism & Inequality,0.5681781024115397,0.3095369940586814,0.4028300869080639,0.5681781024115397,high,"RACISME BIJ HET MINISTERIE VAN BUITENLANDSE ZAKEN 
Een verkennend onderzoek 
 
75 
 
dood. Waar ik het racisme in zie, is het ontbreken van een 
gelijkwaardige behandeling. De zorgvuldigheid die je moet betrachten 
om mij te ontslaan is een hele andere dan de chauffeur, het 
huishoudelijke personeel of de kok. Die mensen zijn nog harder 
afhankelijk van die positie dan ik.” 
 
“Huishoudelijk personeel is extreem kwetsbaar. Die hebben persoonlijke 
contracten met de chef de post. Zij kunnen in principe mensen op 
staande voet ontslaan en dat gebeurt ook regelmatig. Het is een 
enorme bende: iedereen gaat eruit. Je hebt 10 jaar voor een zaak 
gewerkt en ineens sta je op straat. Het is afhankelijk van het lokale 
recht. Dat is op hen van toepassing."
